{"stats":{"minecraft:custom":{"minecraft:time_since_rest":2939,"minecraft:walk_one_cm":24158,"minecraft:crouch_one_cm":385,"minecraft:damage_taken":1203,"minecraft:play_time":7453,"minecraft:sprint_one_cm":21271,"minecraft:deaths":4,"minecraft:sneak_time":72,"minecraft:walk_under_water_one_cm":651,"minecraft:jump":284,"minecraft:damage_dealt":53,"minecraft:time_since_death":2846,"minecraft:walk_on_water_one_cm":1554,"minecraft:total_world_time":7453,"minecraft:swim_one_cm":4889,"minecraft:fall_one_cm":2488,"minecraft:fly_one_cm":26844},"minecraft:killed_by":{"minecraft:husk":2,"undead_revamp2:thesmoker":1,"zombie_extreme:runner":1},"minecraft:picked_up":{"minecraft:stick":1,"immersiveengineering:seed":1,"apocalypsenow:human_flesh":3,"minecraft:oak_log":5,"minecraft:oak_sapling":1,"minecraft:dirt":5},"minecraft:mined":{"minecraft:grass_block":5,"minecraft:grass":2,"minecraft:oak_log":5,"minecraft:oak_leaves":5},"minecraft:used":{"minecraft:oak_log":1,"minecraft:dirt":5}},"DataVersion":2975}