{"stats":{"minecraft:killed":{"minecraft:husk":1},"minecraft:custom":{"minecraft:time_since_rest":1421,"minecraft:sprint_one_cm":68050,"minecraft:damage_taken":3521,"minecraft:walk_one_cm":73360,"minecraft:mob_kills":2,"minecraft:drop":8,"minecraft:damage_dealt":382,"minecraft:swim_one_cm":16679,"minecraft:interact_with_crafting_table":5,"minecraft:fly_one_cm":92958,"minecraft:player_kills":1,"minecraft:open_chest":3,"minecraft:crouch_one_cm":5259,"minecraft:play_time":30750,"minecraft:deaths":11,"minecraft:sneak_time":1402,"minecraft:walk_under_water_one_cm":7664,"minecraft:jump":795,"minecraft:leave_game":1,"minecraft:time_since_death":1382,"minecraft:walk_on_water_one_cm":5623,"minecraft:total_world_time":30750,"minecraft:fall_one_cm":19051},"minecraft:killed_by":{"minecraft:husk":3,"undead_revamp2:thesmoker":1,"minecraft:zombie":3,"zombie_extreme:runner":2},"minecraft:crafted":{"minecraft:stick":4,"minecraft:air":300},"minecraft:mined":{"minecraft:acacia_leaves":2,"minecraft:grass":2,"minecraft:acacia_log":3,"minecraft:grass_block":14,"minecraft:oak_log":5,"minecraft:dirt":14,"minecraft:tall_grass":3,"minecraft:acacia_slab":1,"minecraft:oak_leaves":5},"minecraft:picked_up":{"minecraft:stick":4,"minecraft:acacia_log":4,"minecraft:oak_log":5,"minecraft:gunpowder":2,"minecraft:dirt":28,"apocalypsenow:cooked_human_flesh":4,"minecraft:bone":4,"immersiveengineering:seed":2,"apocalypsenow:human_flesh":7,"alexsmobs:maggot":3,"minecraft:oak_sapling":1,"minecraft:acacia_slab":16},"minecraft:dropped":{"apocalypsenow:human_flesh":1,"minecraft:stone_sword":1,"minecraft:acacia_slab":89,"apocalypsenow:cooked_human_flesh":4,"minecraft:acacia_planks":14,"minecraft:stick":7},"minecraft:used":{"minecraft:oak_log":1,"minecraft:acacia_slab":104,"minecraft:iron_sword":7,"minecraft:dirt":11}},"DataVersion":2975}