{"stats":{"minecraft:killed":{"minecraft:husk":1},"minecraft:custom":{"minecraft:time_since_rest":7544,"minecraft:sprint_one_cm":122041,"minecraft:damage_taken":4872,"minecraft:walk_one_cm":117756,"minecraft:mob_kills":2,"minecraft:drop":9,"minecraft:damage_dealt":580,"minecraft:swim_one_cm":21452,"minecraft:interact_with_crafting_table":7,"minecraft:fly_one_cm":134204,"minecraft:player_kills":1,"minecraft:open_chest":8,"minecraft:crouch_one_cm":5259,"minecraft:interact_with_campfire":7,"minecraft:play_time":42750,"minecraft:deaths":16,"minecraft:sneak_time":1445,"minecraft:walk_under_water_one_cm":12652,"minecraft:jump":1003,"minecraft:leave_game":1,"minecraft:time_since_death":7518,"minecraft:walk_on_water_one_cm":7261,"minecraft:total_world_time":42750,"minecraft:fall_one_cm":27018},"minecraft:killed_by":{"minecraft:husk":3,"hordes:zombie_player":1,"undead_revamp2:thesmoker":1,"minecraft:zombie":4,"zombie_extreme:infected_police":2,"zombie_extreme:runner":3},"minecraft:crafted":{"minecraft:stick":4,"minecraft:air":362},"minecraft:mined":{"minecraft:acacia_leaves":2,"minecraft:grass":2,"minecraft:acacia_log":3,"minecraft:grass_block":14,"minecraft:oak_log":5,"minecraft:dirt":14,"minecraft:tall_grass":3,"minecraft:acacia_slab":1,"minecraft:oak_leaves":5},"minecraft:picked_up":{"minecraft:stick":4,"minecraft:acacia_log":4,"minecraft:potion":1,"minecraft:oak_log":5,"minecraft:gunpowder":2,"minecraft:dirt":28,"apocalypsenow:cooked_human_flesh":7,"minecraft:bone":6,"minecraft:rotten_flesh":1,"immersiveengineering:seed":2,"apocalypsenow:human_flesh":7,"minecraft:bread":1,"alexsmobs:maggot":3,"minecraft:oak_sapling":1,"minecraft:acacia_slab":16},"minecraft:dropped":{"apocalypsenow:human_flesh":1,"minecraft:bread":1,"minecraft:stone_sword":1,"minecraft:acacia_slab":89,"apocalypsenow:cooked_human_flesh":4,"minecraft:acacia_planks":14,"minecraft:stick":7},"minecraft:used":{"minecraft:oak_log":1,"minecraft:glass_bottle":3,"minecraft:acacia_slab":144,"minecraft:leather_chestplate":1,"minecraft:iron_sword":9,"minecraft:torch":4,"minecraft:wooden_sword":2,"minecraft:dirt":11,"minecraft:potion":3,"minecraft:acacia_planks":1}},"DataVersion":2975}