{"stats":{"minecraft:killed":{"minecraft:husk":1},"minecraft:custom":{"lootr:looted_stat":1,"minecraft:mob_kills":2,"minecraft:interact_with_crafting_table":11,"minecraft:interact_with_campfire":13,"minecraft:leave_game":1,"minecraft:time_since_death":13628,"minecraft:time_since_rest":13657,"minecraft:sprint_one_cm":149575,"minecraft:walk_one_cm":212124,"minecraft:damage_taken":10572,"minecraft:drop":11,"minecraft:damage_dealt":618,"minecraft:swim_one_cm":25961,"minecraft:fly_one_cm":157692,"minecraft:player_kills":1,"minecraft:open_chest":19,"minecraft:crouch_one_cm":28659,"minecraft:play_time":84750,"minecraft:deaths":37,"minecraft:sneak_time":10962,"minecraft:walk_under_water_one_cm":34963,"minecraft:jump":1228,"minecraft:walk_on_water_one_cm":16396,"minecraft:total_world_time":84750,"minecraft:fall_one_cm":44111},"minecraft:killed_by":{"minecraft:husk":8,"minecraft:player":1,"minecraft:zombie":7,"zombie_extreme:runner":8,"hordes:zombie_player":2,"undead_revamp2:thesmoker":1,"zombiemobs:zombie_dolphin":1,"minecraft:drowned":3,"zombie_extreme:infected_police":2},"minecraft:crafted":{"minecraft:air":389,"minecraft:stick":4},"minecraft:mined":{"minecraft:acacia_leaves":4,"minecraft:acacia_log":7,"minecraft:grass_block":24,"minecraft:tall_grass":3,"minecraft:copper_ore":10,"minecraft:cobblestone":10,"minecraft:acacia_slab":27,"minecraft:dark_oak_stairs":1,"minecraft:grass":2,"minecraft:oak_log":5,"minecraft:cobblestone_slab":8,"minecraft:dirt":37,"minecraft:acacia_planks":5,"minecraft:stone":109,"minecraft:oak_leaves":5},"minecraft:picked_up":{"minecraft:wooden_axe":1,"minecraft:potion":9,"minecraft:oak_log":5,"minecraft:gunpowder":2,"minecraft:dirt":62,"minecraft:raw_copper":32,"apocalypsenow:cooked_human_flesh":7,"minecraft:bone":6,"minecraft:acacia_planks":2,"apocalypsenow:human_flesh":13,"minecraft:cobblestone_slab":258,"minecraft:dark_oak_stairs":1,"minecraft:stick":4,"minecraft:acacia_log":8,"minecraft:rotten_flesh":1,"immersiveengineering:seed":2,"minecraft:bread":1,"alexsmobs:maggot":3,"minecraft:oak_sapling":1,"minecraft:acacia_slab":156,"minecraft:cobblestone":154},"minecraft:dropped":{"apocalypsenow:human_flesh":1,"minecraft:bread":1,"minecraft:stone_sword":1,"minecraft:stick":7,"minecraft:cobblestone_slab":15,"minecraft:acacia_slab":89,"apocalypsenow:cooked_human_flesh":4,"minecraft:stone_pickaxe":1,"minecraft:acacia_planks":14},"minecraft:broken":{"minecraft:stone_pickaxe":1},"minecraft:used":{"minecraft:glass_bottle":3,"minecraft:stone_pickaxe":134,"minecraft:leather_chestplate":1,"minecraft:wooden_pickaxe":15,"minecraft:iron_sword":9,"minecraft:cobblestone_slab":110,"minecraft:torch":4,"minecraft:dirt":66,"minecraft:oak_log":1,"minecraft:wooden_axe":17,"minecraft:acacia_slab":257,"minecraft:stone_axe":8,"minecraft:wooden_sword":2,"minecraft:cobblestone":2,"minecraft:potion":4,"minecraft:acacia_planks":1}},"DataVersion":2975}