{"stats":{"minecraft:killed":{"zombie_extreme:crawler":1,"minecraft:husk":2,"minecraft:zombie":13,"alexsmobs:fly":1,"zombie_extreme:runner":1},"minecraft:custom":{"lootr:looted_stat":5,"minecraft:mob_kills":19,"minecraft:toilet_used":2,"minecraft:interact_with_crafting_table":12,"minecraft:interact_with_loom":1,"minecraft:interact_with_campfire":17,"minecraft:trashcan_opened":1,"minecraft:damage_dealt_resisted":117,"minecraft:interact_with_stonecutter":1,"minecraft:leave_game":3,"minecraft:time_since_death":2994,"minecraft:sleep_in_bed":2,"minecraft:climb_one_cm":534,"minecraft:time_since_rest":3098,"minecraft:sprint_one_cm":273133,"minecraft:damage_taken":14565,"minecraft:walk_one_cm":314324,"minecraft:fridge_opened":1,"minecraft:drop":14,"minecraft:damage_dealt":6847,"minecraft:swim_one_cm":27068,"minecraft:freezer_opened":1,"minecraft:fly_one_cm":185068,"minecraft:player_kills":2,"minecraft:open_chest":27,"minecraft:crouch_one_cm":31568,"minecraft:play_time":121983,"minecraft:deaths":50,"minecraft:sneak_time":12402,"minecraft:walk_under_water_one_cm":37206,"minecraft:jump":1325,"minecraft:walk_on_water_one_cm":16707,"minecraft:total_world_time":121983,"minecraft:fall_one_cm":70901},"minecraft:killed_by":{"minecraft:husk":8,"minecraft:player":2,"minecraft:zombie":17,"zombie_extreme:runner":8,"hordes:zombie_player":2,"undead_revamp2:thesmoker":1,"zombiemobs:zombie_dolphin":1,"minecraft:drowned":3,"zombie_extreme:infected_police":2},"minecraft:crafted":{"minecraft:air":389,"minecraft:stick":4},"minecraft:mined":{"minecraft:acacia_leaves":4,"create:cut_calcite_slab":2,"minecraft:torch":2,"minecraft:acacia_log":7,"minecraft:grass_block":24,"create:polished_cut_calcite_wall":1,"minecraft:tall_grass":3,"minecraft:copper_ore":10,"minecraft:cobblestone":12,"minecraft:acacia_slab":27,"pfm:oak_brown_simple_bed":4,"minecraft:spawner":3,"create:cut_calcite":2,"quark:stripped_dark_oak_post":4,"minecraft:dark_oak_trapdoor":1,"minecraft:dark_oak_stairs":1,"minecraft:grass":2,"minecraft:oak_log":5,"minecraft:cobblestone_slab":11,"minecraft:dirt":37,"minecraft:acacia_planks":5,"minecraft:stone":109,"minecraft:oak_leaves":5,"create:cut_calcite_stairs":4,"minecraft:dark_oak_planks":3},"minecraft:picked_up":{"tac:round45":1,"minecraft:potato":1,"minecraft:potion":9,"minecraft:oak_log":5,"minecraft:gunpowder":3,"quark:stripped_dark_oak_post":3,"minecraft:dark_oak_trapdoor":1,"minecraft:dirt":62,"minecraft:string":4,"minecraft:raw_copper":32,"create:cut_calcite_stairs":2,"apocalypsenow:cooked_human_flesh":11,"minecraft:bone":8,"minecraft:acacia_planks":2,"apocalypsenow:human_flesh":16,"apocalypsenow:red_football_armor_chestplate":1,"minecraft:cobblestone_slab":262,"create:polished_cut_calcite_wall":1,"tac:9mm_round":1,"minecraft:dark_oak_stairs":1,"apocalypsenow:blue_football_armor_boots":1,"minecraft:stick":4,"minecraft:torch":2,"minecraft:acacia_log":8,"minecraft:dark_oak_planks":2,"minecraft:rotten_flesh":12,"immersiveengineering:seed":2,"pfm:oak_brown_simple_bed":4,"minecraft:bread":1,"alexsmobs:maggot":3,"minecraft:oak_sapling":1,"minecraft:acacia_slab":156,"minecraft:iron_bars":1,"create:cut_calcite":2,"minecraft:wooden_axe":1,"minecraft:cobblestone":157},"minecraft:dropped":{"apocalypsenow:human_flesh":1,"minecraft:bread":1,"minecraft:stone_sword":1,"minecraft:stick":7,"minecraft:cobblestone_slab":15,"minecraft:acacia_slab":89,"minecraft:potion":1,"apocalypsenow:cooked_human_flesh":4,"apocalypsenow:butterfly_knife":1,"minecraft:stone_pickaxe":1,"minecraft:wooden_pickaxe":1,"minecraft:acacia_planks":14},"minecraft:used":{"pfm:oak_brown_simple_bed":2,"apocalypsenow:butterfly_knife":8,"minecraft:stone_sword":56,"minecraft:glass_bottle":3,"minecraft:stone_pickaxe":151,"minecraft:wooden_pickaxe":15,"minecraft:leather_chestplate":1,"minecraft:iron_sword":9,"minecraft:cobblestone_slab":141,"minecraft:torch":7,"minecraft:dirt":66,"minecraft:oak_log":1,"apocalypsenow:kitchen_knife":140,"minecraft:wooden_axe":17,"minecraft:acacia_slab":257,"minecraft:stone_axe":32,"minecraft:wooden_sword":2,"minecraft:potion":4,"minecraft:cobblestone":2,"chalk:blue_chalk":21,"minecraft:acacia_planks":1},"minecraft:broken":{"minecraft:stone_pickaxe":1,"apocalypsenow:kitchen_knife":1,"apocalypsenow:red_football_armor_chestplate":1,"minecraft:leather_chestplate":1}},"DataVersion":2975}