{"stats":{"minecraft:killed":{"minecraft:husk":1},"minecraft:custom":{"minecraft:time_since_rest":1657,"minecraft:sprint_one_cm":149575,"minecraft:damage_taken":10562,"minecraft:walk_one_cm":204660,"minecraft:mob_kills":2,"minecraft:drop":11,"minecraft:damage_dealt":618,"minecraft:swim_one_cm":25961,"minecraft:interact_with_crafting_table":11,"minecraft:fly_one_cm":157692,"minecraft:player_kills":1,"minecraft:open_chest":19,"minecraft:crouch_one_cm":5564,"minecraft:interact_with_campfire":13,"minecraft:play_time":72750,"minecraft:deaths":37,"minecraft:sneak_time":1506,"minecraft:walk_under_water_one_cm":34963,"minecraft:jump":1228,"minecraft:leave_game":1,"minecraft:time_since_death":1628,"minecraft:walk_on_water_one_cm":16396,"minecraft:total_world_time":72750,"minecraft:fall_one_cm":43565},"minecraft:killed_by":{"minecraft:husk":8,"hordes:zombie_player":2,"undead_revamp2:thesmoker":1,"zombiemobs:zombie_dolphin":1,"minecraft:player":1,"minecraft:drowned":3,"minecraft:zombie":7,"zombie_extreme:infected_police":2,"zombie_extreme:runner":8},"minecraft:crafted":{"minecraft:stick":4,"minecraft:air":389},"minecraft:mined":{"minecraft:acacia_leaves":4,"minecraft:grass":2,"minecraft:acacia_log":7,"minecraft:grass_block":24,"minecraft:oak_log":5,"minecraft:dirt":37,"minecraft:copper_ore":10,"minecraft:stone":109,"minecraft:tall_grass":3,"minecraft:cobblestone":10,"minecraft:acacia_planks":5,"minecraft:acacia_slab":16,"minecraft:oak_leaves":5},"minecraft:picked_up":{"minecraft:wooden_axe":1,"minecraft:stick":4,"minecraft:acacia_log":8,"minecraft:potion":9,"minecraft:oak_log":5,"minecraft:gunpowder":2,"minecraft:dirt":62,"minecraft:raw_copper":32,"minecraft:acacia_planks":2,"apocalypsenow:cooked_human_flesh":7,"minecraft:bone":6,"minecraft:rotten_flesh":1,"immersiveengineering:seed":2,"apocalypsenow:human_flesh":13,"minecraft:bread":1,"alexsmobs:maggot":3,"minecraft:oak_sapling":1,"minecraft:acacia_slab":20,"minecraft:cobblestone":122},"minecraft:dropped":{"apocalypsenow:human_flesh":1,"minecraft:bread":1,"minecraft:cobblestone_slab":15,"minecraft:stone_sword":1,"minecraft:acacia_slab":89,"apocalypsenow:cooked_human_flesh":4,"minecraft:stone_pickaxe":1,"minecraft:acacia_planks":14,"minecraft:stick":7},"minecraft:broken":{"minecraft:stone_pickaxe":1},"minecraft:used":{"minecraft:oak_log":1,"minecraft:wooden_axe":17,"minecraft:glass_bottle":3,"minecraft:stone_pickaxe":131,"minecraft:acacia_slab":144,"minecraft:wooden_pickaxe":10,"minecraft:leather_chestplate":1,"minecraft:iron_sword":9,"minecraft:cobblestone_slab":3,"minecraft:cobblestone":2,"minecraft:torch":4,"minecraft:wooden_sword":2,"minecraft:dirt":66,"minecraft:potion":4,"minecraft:acacia_planks":1}},"DataVersion":2975}