{"stats":{"minecraft:custom":{"minecraft:time_since_rest":2243,"minecraft:walk_one_cm":39181,"minecraft:crouch_one_cm":462,"minecraft:damage_taken":2503,"minecraft:play_time":19453,"minecraft:sprint_one_cm":46281,"minecraft:deaths":8,"minecraft:sneak_time":97,"minecraft:walk_under_water_one_cm":6332,"minecraft:mob_kills":1,"minecraft:jump":666,"minecraft:damage_dealt":107,"minecraft:time_since_death":2218,"minecraft:walk_on_water_one_cm":4570,"minecraft:total_world_time":19453,"minecraft:swim_one_cm":12825,"minecraft:fall_one_cm":10451,"minecraft:fly_one_cm":68010},"minecraft:killed_by":{"minecraft:husk":2,"undead_revamp2:thesmoker":1,"minecraft:zombie":3,"zombie_extreme:runner":1},"minecraft:crafted":{"minecraft:air":16},"minecraft:mined":{"minecraft:grass_block":7,"minecraft:grass":2,"minecraft:oak_log":5,"minecraft:acacia_leaves":2,"minecraft:dirt":6,"minecraft:oak_leaves":5},"minecraft:picked_up":{"minecraft:bone":2,"minecraft:stick":1,"immersiveengineering:seed":1,"apocalypsenow:human_flesh":3,"minecraft:acacia_log":1,"minecraft:oak_log":5,"alexsmobs:maggot":3,"minecraft:gunpowder":2,"minecraft:oak_sapling":1,"minecraft:dirt":13},"minecraft:used":{"minecraft:oak_log":1,"minecraft:dirt":11}},"DataVersion":2975}