{"stats":{"minecraft:killed":{"minecraft:husk":1,"minecraft:zombie":4,"alexsmobs:fly":1},"minecraft:custom":{"lootr:looted_stat":2,"minecraft:mob_kills":7,"minecraft:interact_with_crafting_table":12,"minecraft:interact_with_campfire":13,"minecraft:leave_game":1,"minecraft:time_since_death":3918,"minecraft:sleep_in_bed":1,"minecraft:time_since_rest":3946,"minecraft:sprint_one_cm":203904,"minecraft:walk_one_cm":252058,"minecraft:damage_taken":11988,"minecraft:drop":14,"minecraft:damage_dealt":2683,"minecraft:swim_one_cm":25961,"minecraft:fly_one_cm":166344,"minecraft:player_kills":1,"minecraft:open_chest":19,"minecraft:crouch_one_cm":29764,"minecraft:play_time":96750,"minecraft:deaths":42,"minecraft:sneak_time":11256,"minecraft:walk_under_water_one_cm":34963,"minecraft:jump":1244,"minecraft:walk_on_water_one_cm":16396,"minecraft:total_world_time":96750,"minecraft:fall_one_cm":51180},"minecraft:killed_by":{"minecraft:husk":8,"minecraft:player":1,"minecraft:zombie":12,"zombie_extreme:runner":8,"hordes:zombie_player":2,"undead_revamp2:thesmoker":1,"zombiemobs:zombie_dolphin":1,"minecraft:drowned":3,"zombie_extreme:infected_police":2},"minecraft:crafted":{"minecraft:air":389,"minecraft:stick":4},"minecraft:mined":{"minecraft:acacia_leaves":4,"create:cut_calcite_slab":2,"minecraft:acacia_log":7,"minecraft:grass_block":24,"minecraft:tall_grass":3,"minecraft:copper_ore":10,"minecraft:cobblestone":12,"minecraft:acacia_slab":27,"pfm:oak_brown_simple_bed":2,"minecraft:spawner":2,"quark:stripped_dark_oak_post":2,"minecraft:dark_oak_trapdoor":1,"minecraft:dark_oak_stairs":1,"minecraft:grass":2,"minecraft:oak_log":5,"minecraft:cobblestone_slab":10,"minecraft:dirt":37,"minecraft:acacia_planks":5,"minecraft:stone":109,"minecraft:oak_leaves":5},"minecraft:picked_up":{"minecraft:wooden_axe":1,"tac:round45":1,"minecraft:potion":9,"minecraft:oak_log":5,"minecraft:gunpowder":3,"quark:stripped_dark_oak_post":1,"minecraft:dirt":62,"minecraft:dark_oak_trapdoor":1,"minecraft:raw_copper":32,"apocalypsenow:cooked_human_flesh":7,"minecraft:bone":6,"minecraft:acacia_planks":2,"apocalypsenow:human_flesh":15,"apocalypsenow:red_football_armor_chestplate":1,"minecraft:cobblestone_slab":260,"minecraft:dark_oak_stairs":1,"apocalypsenow:blue_football_armor_boots":1,"minecraft:stick":4,"minecraft:acacia_log":8,"minecraft:rotten_flesh":4,"immersiveengineering:seed":2,"pfm:oak_brown_simple_bed":2,"minecraft:bread":1,"alexsmobs:maggot":3,"minecraft:oak_sapling":1,"minecraft:acacia_slab":156,"minecraft:cobblestone":157},"minecraft:dropped":{"apocalypsenow:human_flesh":1,"minecraft:bread":1,"minecraft:stone_sword":1,"minecraft:stick":7,"minecraft:cobblestone_slab":15,"minecraft:acacia_slab":89,"minecraft:potion":1,"apocalypsenow:cooked_human_flesh":4,"apocalypsenow:butterfly_knife":1,"minecraft:wooden_pickaxe":1,"minecraft:stone_pickaxe":1,"minecraft:acacia_planks":14},"minecraft:broken":{"minecraft:leather_chestplate":1,"minecraft:stone_pickaxe":1},"minecraft:used":{"pfm:oak_brown_simple_bed":2,"minecraft:stone_sword":13,"minecraft:glass_bottle":3,"minecraft:stone_pickaxe":142,"minecraft:leather_chestplate":1,"minecraft:wooden_pickaxe":15,"minecraft:iron_sword":9,"minecraft:cobblestone_slab":130,"minecraft:torch":4,"minecraft:dirt":66,"minecraft:oak_log":1,"apocalypsenow:kitchen_knife":54,"minecraft:wooden_axe":17,"minecraft:acacia_slab":257,"minecraft:stone_axe":21,"minecraft:wooden_sword":2,"minecraft:cobblestone":2,"minecraft:potion":4,"minecraft:acacia_planks":1}},"DataVersion":2975}