{"stats":{"minecraft:killed":{"minecraft:zombie":2},"minecraft:custom":{"lootr:looted_stat":3,"minecraft:mob_kills":4,"minecraft:interact_with_crafting_table":4,"minecraft:interact_with_campfire":5,"minecraft:leave_game":1,"minecraft:time_since_death":8038,"minecraft:sleep_in_bed":1,"minecraft:time_since_rest":8065,"minecraft:sprint_one_cm":134705,"minecraft:damage_taken":5126,"minecraft:walk_one_cm":309164,"minecraft:drop":15,"minecraft:damage_dealt":2394,"minecraft:swim_one_cm":835,"minecraft:fly_one_cm":90344,"minecraft:freezer_opened":2,"minecraft:player_kills":2,"minecraft:open_chest":13,"minecraft:crouch_one_cm":2726,"minecraft:play_time":77516,"minecraft:deaths":17,"minecraft:sneak_time":1083,"minecraft:walk_under_water_one_cm":12826,"minecraft:jump":710,"minecraft:walk_on_water_one_cm":7353,"minecraft:total_world_time":77516,"minecraft:fall_one_cm":32953},"minecraft:killed_by":{"minecraft:husk":1,"minecraft:player":5,"undead_revamp2:bomber":1,"minecraft:zombie":8,"zombie_extreme:infected_police":1},"minecraft:crafted":{"minecraft:crafting_table":1,"minecraft:wooden_pickaxe":1,"minecraft:stick":16,"minecraft:stone_pickaxe":1,"minecraft:stone_sword":1,"minecraft:acacia_planks":36},"minecraft:picked_up":{"another_furniture:green_sofa":2,"quark:polished_calcite":2,"minecraft:wooden_pickaxe":2,"minecraft:potion":3,"minecraft:dirt":11,"minecraft:leather_boots":1,"apocalypsenow:cooked_human_flesh":4,"minecraft:bone":4,"minecraft:stonecutter":1,"apocalypsenow:human_flesh":2,"minecraft:wheat_seeds":3,"minecraft:cobbled_deepslate":12,"minecraft:grindstone":1,"minecraft:stone_pickaxe":1,"pfm:basic_toilet":1,"tac:9mm_round":1,"minecraft:dark_oak_stairs":1,"minecraft:stick":1,"minecraft:acacia_log":8,"minecraft:diorite":8,"minecraft:loom":2,"pfm:basic_sink":1,"minecraft:rotten_flesh":2,"immersiveengineering:seed":3,"quark:paper_wall":6,"minecraft:granite":15,"minecraft:bread":2,"minecraft:acacia_slab":1,"pfm:dark_oak_green_simple_bed":2,"minecraft:bricks":2,"minecraft:coal":1,"minecraft:cobblestone":100},"minecraft:mined":{"quark:dark_oak_bookshelf":1,"pfm:dark_oak_green_simple_bed":2,"pfm:basic_sink":1,"minecraft:glow_lichen":2,"minecraft:granite":15,"minecraft:acacia_log":6,"minecraft:grass_block":9,"minecraft:grindstone":1,"minecraft:bricks":2,"minecraft:diorite":8,"minecraft:spawner":2,"pfm:basic_toilet":1,"quark:paper_wall":6,"quark:polished_calcite":2,"minecraft:dark_oak_stairs":1,"minecraft:grass":7,"minecraft:coal_ore":1,"another_furniture:green_sofa":2,"minecraft:loom":2,"minecraft:dirt":2,"minecraft:stone":104,"minecraft:acacia_planks":1,"minecraft:stonecutter":1,"create:dark_oak_window_pane":8,"minecraft:deepslate":17},"minecraft:dropped":{"minecraft:bread":2,"minecraft:acacia_log":2,"minecraft:stick":1,"minecraft:potion":3,"minecraft:stone_pickaxe":1,"minecraft:wooden_pickaxe":2,"firstaid:plaster":2,"minecraft:bone":3},"minecraft:used":{"minecraft:stone_sword":53,"minecraft:glass_bottle":3,"minecraft:stone_pickaxe":160,"minecraft:wooden_pickaxe":17,"minecraft:torch":7,"minecraft:dirt":11,"minecraft:crafting_table":1,"minecraft:wooden_axe":4,"apocalypsenow:baseball_bat":20,"chalk:red_chalk":3,"minecraft:potion":10,"minecraft:acacia_planks":13},"minecraft:broken":{"minecraft:stone_pickaxe":1,"minecraft:leather_chestplate":1}},"DataVersion":2975}