{"stats":{"minecraft:custom":{"minecraft:time_since_rest":1620,"minecraft:sprint_one_cm":43841,"minecraft:damage_taken":1170,"minecraft:walk_one_cm":162935,"minecraft:drop":10,"minecraft:damage_dealt":329,"minecraft:swim_one_cm":835,"minecraft:fly_one_cm":32201,"minecraft:open_chest":9,"minecraft:crouch_one_cm":1999,"minecraft:play_time":29648,"minecraft:interact_with_campfire":2,"minecraft:deaths":4,"minecraft:sneak_time":732,"minecraft:walk_under_water_one_cm":8586,"minecraft:jump":325,"minecraft:time_since_death":1590,"minecraft:walk_on_water_one_cm":4397,"minecraft:total_world_time":29648,"minecraft:fall_one_cm":8381},"minecraft:killed_by":{"minecraft:zombie":3,"zombie_extreme:infected_police":1},"minecraft:crafted":{"minecraft:crafting_table":1,"minecraft:stick":16,"minecraft:acacia_planks":24},"minecraft:mined":{"minecraft:grass":7,"minecraft:acacia_log":6,"minecraft:grass_block":9,"create:dark_oak_window_pane":2},"minecraft:picked_up":{"minecraft:stick":1,"minecraft:acacia_log":6,"minecraft:wooden_pickaxe":1,"minecraft:potion":3,"minecraft:dirt":9,"immersiveengineering:seed":3,"minecraft:wheat_seeds":3,"apocalypsenow:human_flesh":1,"minecraft:bread":2,"minecraft:acacia_slab":1},"minecraft:dropped":{"minecraft:bread":2,"minecraft:potion":3,"minecraft:wooden_pickaxe":1,"firstaid:plaster":2,"minecraft:bone":1,"minecraft:stick":1},"minecraft:used":{"minecraft:wooden_axe":4,"minecraft:torch":7,"chalk:red_chalk":3,"minecraft:dirt":9,"minecraft:potion":2,"minecraft:acacia_planks":2}},"DataVersion":2975}