{"stats":{"minecraft:killed":{"minecraft:zombie":2},"minecraft:custom":{"lootr:looted_stat":4,"minecraft:mob_kills":4,"minecraft:interact_with_crafting_table":4,"minecraft:interact_with_loom":1,"minecraft:interact_with_campfire":10,"minecraft:leave_game":3,"minecraft:time_since_death":102,"minecraft:sleep_in_bed":2,"minecraft:climb_one_cm":368,"minecraft:time_since_rest":125,"minecraft:sprint_one_cm":169145,"minecraft:damage_taken":6551,"minecraft:walk_one_cm":361153,"minecraft:drop":15,"minecraft:damage_dealt":2892,"minecraft:swim_one_cm":835,"minecraft:player_kills":2,"minecraft:fly_one_cm":114776,"minecraft:freezer_opened":2,"minecraft:open_chest":22,"minecraft:crouch_one_cm":4371,"minecraft:play_time":91911,"minecraft:deaths":22,"minecraft:sneak_time":1258,"minecraft:walk_under_water_one_cm":12826,"minecraft:jump":886,"minecraft:walk_on_water_one_cm":7836,"minecraft:total_world_time":91911,"minecraft:fall_one_cm":52230},"minecraft:killed_by":{"minecraft:husk":1,"minecraft:player":6,"undead_revamp2:bomber":2,"minecraft:zombie":10,"zombie_extreme:infected_police":1},"minecraft:crafted":{"minecraft:crafting_table":1,"minecraft:wooden_pickaxe":1,"minecraft:stick":16,"minecraft:stone_pickaxe":1,"minecraft:stone_sword":1,"minecraft:acacia_planks":36},"minecraft:picked_up":{"another_furniture:green_sofa":2,"minecraft:flower_pot":1,"create:fluid_tank":2,"minecraft:iron_door":1,"quark:polished_calcite":2,"minecraft:wooden_pickaxe":2,"minecraft:potion":8,"create:belt_connector":1,"quark:stripped_dark_oak_post":1,"minecraft:dirt":11,"minecraft:leather_boots":1,"apocalypsenow:cooked_human_flesh":4,"minecraft:bone":4,"minecraft:stone_bricks":2,"minecraft:stonecutter":1,"apocalypsenow:human_flesh":2,"minecraft:wheat_seeds":3,"minecraft:cobbled_deepslate":12,"minecraft:grindstone":1,"minecraft:stone_pickaxe":1,"pfm:basic_toilet":1,"create:shaft":1,"tac:9mm_round":1,"minecraft:dark_oak_stairs":1,"minecraft:stick":1,"minecraft:warped_fungus":1,"minecraft:torch":1,"minecraft:acacia_log":8,"minecraft:gravel":2,"minecraft:diorite":8,"minecraft:loom":2,"pfm:basic_sink":1,"create:millstone":1,"minecraft:rotten_flesh":2,"immersiveengineering:seed":3,"quark:paper_wall":10,"minecraft:granite":15,"minecraft:bread":2,"create:stressometer":1,"minecraft:acacia_slab":1,"pfm:dark_oak_green_simple_bed":2,"minecraft:bricks":2,"minecraft:coal":1,"minecraft:cobblestone":100},"minecraft:mined":{"quark:dark_oak_bookshelf":1,"pfm:dark_oak_green_simple_bed":2,"create:millstone":1,"pfm:basic_sink":1,"create:fluid_tank":2,"minecraft:torch":1,"minecraft:glow_lichen":2,"minecraft:granite":15,"minecraft:acacia_log":6,"minecraft:grass_block":9,"minecraft:grindstone":1,"create:belt":1,"minecraft:bricks":2,"minecraft:diorite":8,"minecraft:iron_door":1,"minecraft:spawner":4,"minecraft:potted_warped_fungus":1,"quark:stripped_dark_oak_post":1,"pfm:basic_toilet":1,"quark:paper_wall":10,"quark:polished_calcite":2,"minecraft:dark_oak_stairs":1,"minecraft:grass":8,"minecraft:coal_ore":1,"minecraft:gravel":2,"create:stressometer":1,"another_furniture:green_sofa":2,"minecraft:loom":2,"minecraft:dirt":2,"minecraft:stone_bricks":2,"minecraft:acacia_planks":1,"minecraft:stonecutter":1,"minecraft:stone":104,"create:dark_oak_window_pane":8,"minecraft:deepslate":17},"minecraft:dropped":{"minecraft:bread":2,"minecraft:acacia_log":2,"minecraft:stick":1,"minecraft:potion":3,"minecraft:wooden_pickaxe":2,"minecraft:stone_pickaxe":1,"firstaid:plaster":2,"minecraft:bone":3},"minecraft:used":{"apocalypsenow:vodka":1,"apocalypsenow:butterfly_knife":16,"minecraft:stone_sword":53,"minecraft:glass_bottle":8,"minecraft:stone_pickaxe":175,"pfm:basic_sink":1,"minecraft:wooden_pickaxe":17,"minecraft:stonecutter":1,"minecraft:torch":7,"minecraft:dirt":11,"minecraft:loom":2,"minecraft:crafting_table":1,"another_furniture:green_sofa":2,"quark:paper_wall":10,"minecraft:wooden_axe":4,"apocalypsenow:baseball_bat":20,"minecraft:stone_bricks":2,"pfm:dark_oak_green_simple_bed":2,"chalk:red_chalk":3,"minecraft:potion":13,"minecraft:grindstone":1,"pfm:basic_toilet":1,"minecraft:acacia_planks":13},"minecraft:broken":{"minecraft:stone_pickaxe":1,"minecraft:leather_chestplate":1}},"DataVersion":2975}