{"stats":{"minecraft:custom":{"minecraft:time_since_rest":1755,"lootr:looted_stat":1,"minecraft:sprint_one_cm":56508,"minecraft:damage_taken":2337,"minecraft:walk_one_cm":211150,"minecraft:drop":13,"minecraft:damage_dealt":911,"minecraft:swim_one_cm":835,"minecraft:interact_with_crafting_table":4,"minecraft:fly_one_cm":38055,"minecraft:open_chest":11,"minecraft:crouch_one_cm":2288,"minecraft:play_time":54126,"minecraft:interact_with_campfire":2,"minecraft:deaths":8,"minecraft:sneak_time":779,"minecraft:walk_under_water_one_cm":12478,"minecraft:jump":433,"minecraft:leave_game":1,"minecraft:time_since_death":1732,"minecraft:walk_on_water_one_cm":6759,"minecraft:total_world_time":54126,"minecraft:fall_one_cm":12645},"minecraft:killed_by":{"minecraft:player":1,"minecraft:zombie":6,"zombie_extreme:infected_police":1},"minecraft:crafted":{"minecraft:crafting_table":1,"minecraft:stick":16,"minecraft:wooden_pickaxe":1,"minecraft:stone_pickaxe":1,"minecraft:stone_sword":1,"minecraft:acacia_planks":36},"minecraft:mined":{"minecraft:glow_lichen":2,"minecraft:granite":15,"minecraft:grass":7,"minecraft:acacia_log":6,"minecraft:coal_ore":1,"minecraft:grass_block":9,"minecraft:dirt":2,"minecraft:stone":104,"minecraft:diorite":8,"create:dark_oak_window_pane":2,"minecraft:deepslate":17},"minecraft:picked_up":{"minecraft:stick":1,"minecraft:acacia_log":8,"minecraft:wooden_pickaxe":2,"minecraft:potion":3,"minecraft:diorite":8,"minecraft:dirt":11,"immersiveengineering:seed":3,"minecraft:wheat_seeds":3,"apocalypsenow:human_flesh":1,"minecraft:cobbled_deepslate":12,"minecraft:granite":15,"minecraft:bread":2,"minecraft:acacia_slab":1,"minecraft:coal":1,"minecraft:cobblestone":100},"minecraft:dropped":{"minecraft:bread":2,"minecraft:potion":3,"minecraft:wooden_pickaxe":2,"firstaid:plaster":2,"minecraft:acacia_log":2,"minecraft:bone":1,"minecraft:stick":1},"minecraft:used":{"minecraft:wooden_axe":4,"minecraft:stone_sword":35,"minecraft:stone_pickaxe":132,"minecraft:wooden_pickaxe":17,"minecraft:torch":7,"chalk:red_chalk":3,"minecraft:dirt":11,"minecraft:potion":3,"minecraft:crafting_table":1,"minecraft:acacia_planks":6},"minecraft:broken":{"minecraft:stone_pickaxe":1,"minecraft:leather_chestplate":1}},"DataVersion":2975}