{"stats":{"minecraft:killed":{"minecraft:zombie":1},"minecraft:custom":{"minecraft:time_since_rest":894,"lootr:looted_stat":1,"minecraft:sprint_one_cm":103842,"minecraft:damage_taken":4388,"minecraft:walk_one_cm":270007,"minecraft:mob_kills":2,"minecraft:drop":14,"minecraft:damage_dealt":1744,"minecraft:player_kills":2,"minecraft:swim_one_cm":835,"minecraft:interact_with_crafting_table":4,"minecraft:fly_one_cm":68777,"minecraft:open_chest":13,"minecraft:crouch_one_cm":2483,"minecraft:play_time":65516,"minecraft:deaths":15,"minecraft:interact_with_campfire":5,"minecraft:sneak_time":1031,"minecraft:walk_under_water_one_cm":12826,"minecraft:jump":593,"minecraft:leave_game":1,"minecraft:time_since_death":877,"minecraft:walk_on_water_one_cm":7353,"minecraft:sleep_in_bed":1,"minecraft:total_world_time":65516,"minecraft:fall_one_cm":25152},"minecraft:killed_by":{"minecraft:husk":1,"minecraft:player":4,"minecraft:zombie":8,"zombie_extreme:infected_police":1},"minecraft:crafted":{"minecraft:crafting_table":1,"minecraft:stick":16,"minecraft:wooden_pickaxe":1,"minecraft:stone_pickaxe":1,"minecraft:stone_sword":1,"minecraft:acacia_planks":36},"minecraft:mined":{"minecraft:glow_lichen":2,"minecraft:granite":15,"minecraft:grass":7,"minecraft:acacia_log":6,"minecraft:grass_block":9,"minecraft:coal_ore":1,"minecraft:dirt":2,"minecraft:acacia_planks":1,"minecraft:stone":104,"minecraft:diorite":8,"create:dark_oak_window_pane":2,"minecraft:deepslate":17},"minecraft:picked_up":{"minecraft:stick":1,"minecraft:acacia_log":8,"minecraft:wooden_pickaxe":2,"minecraft:potion":3,"minecraft:diorite":8,"minecraft:dirt":11,"minecraft:bone":2,"apocalypsenow:cooked_human_flesh":4,"minecraft:rotten_flesh":2,"immersiveengineering:seed":3,"minecraft:wheat_seeds":3,"apocalypsenow:human_flesh":2,"minecraft:cobbled_deepslate":12,"minecraft:stone_pickaxe":1,"minecraft:granite":15,"minecraft:bread":2,"minecraft:acacia_slab":1,"minecraft:coal":1,"minecraft:cobblestone":100},"minecraft:dropped":{"minecraft:bread":2,"minecraft:potion":3,"minecraft:stone_pickaxe":1,"minecraft:wooden_pickaxe":2,"firstaid:plaster":2,"minecraft:acacia_log":2,"minecraft:bone":1,"minecraft:stick":1},"minecraft:used":{"minecraft:wooden_axe":4,"minecraft:stone_sword":51,"minecraft:glass_bottle":3,"minecraft:stone_pickaxe":133,"minecraft:wooden_pickaxe":17,"minecraft:torch":7,"chalk:red_chalk":3,"minecraft:dirt":11,"minecraft:potion":6,"minecraft:crafting_table":1,"minecraft:acacia_planks":7},"minecraft:broken":{"minecraft:stone_pickaxe":1,"minecraft:leather_chestplate":1}},"DataVersion":2975}