{"stats":{"minecraft:custom":{"minecraft:open_chest":4,"minecraft:time_since_rest":11648,"minecraft:crouch_one_cm":446,"minecraft:play_time":11648,"minecraft:sprint_one_cm":6876,"minecraft:damage_taken":225,"minecraft:walk_one_cm":60991,"minecraft:sneak_time":101,"minecraft:walk_under_water_one_cm":1511,"minecraft:drop":9,"minecraft:jump":128,"minecraft:damage_dealt":30,"minecraft:walk_on_water_one_cm":258,"minecraft:time_since_death":11648,"minecraft:total_world_time":11648,"minecraft:fall_one_cm":3142,"minecraft:fly_one_cm":5904},"minecraft:crafted":{"minecraft:acacia_planks":4,"minecraft:stick":4},"minecraft:mined":{"minecraft:grass":5,"minecraft:acacia_log":1,"minecraft:grass_block":9},"minecraft:picked_up":{"minecraft:stick":1,"immersiveengineering:seed":2,"minecraft:wheat_seeds":2,"minecraft:wooden_pickaxe":1,"minecraft:acacia_log":1,"minecraft:potion":1,"minecraft:bread":2,"minecraft:dirt":9},"minecraft:dropped":{"minecraft:potion":3,"minecraft:bread":2,"minecraft:wooden_pickaxe":1,"firstaid:plaster":2,"minecraft:stick":1},"minecraft:used":{"minecraft:torch":7,"minecraft:dirt":9,"minecraft:potion":1,"minecraft:acacia_planks":2}},"DataVersion":2975}