{"stats":{"minecraft:killed":{"zombie_extreme:crawler":1,"minecraft:husk":4,"hordes:zombie_player":1,"undead_revamp2:thesmoker":1,"minecraft:zombie":1,"alexsmobs:fly":5,"zombie_extreme:runner":2},"minecraft:custom":{"minecraft:interact_with_furnace":4,"minecraft:mob_kills":23,"minecraft:interact_with_crafting_table":25,"minecraft:damage_dealt_resisted":874,"minecraft:leave_game":2,"minecraft:time_since_death":3668,"minecraft:time_since_rest":3734,"minecraft:sprint_one_cm":415053,"minecraft:damage_taken":13454,"minecraft:walk_one_cm":437950,"minecraft:drop":59,"minecraft:damage_dealt":8606,"minecraft:swim_one_cm":70333,"minecraft:fly_one_cm":372896,"minecraft:open_chest":41,"minecraft:crouch_one_cm":56755,"minecraft:play_time":223161,"minecraft:sneak_time":23950,"minecraft:deaths":46,"minecraft:walk_under_water_one_cm":24126,"minecraft:jump":2566,"minecraft:walk_on_water_one_cm":16749,"minecraft:total_world_time":223161,"minecraft:fall_one_cm":53822},"minecraft:killed_by":{"minecraft:husk":9,"undead_revamp2:the_moonflower":2,"zombie_extreme:demolisher":2,"undead_revamp2:bomber":1,"minecraft:zombie":10,"zombie_extreme:runner":7,"zombiemobs:zombie_turtle":1,"hordes:zombie_player":2,"undead_revamp2:thesmoker":1,"zombiemobs:zombie_dolphin":1,"minecraft:drowned":2,"zombie_extreme:infected_police":3,"zombie_extreme:crawler":2,"zombiemobs:zombie_wolf":1},"minecraft:crafted":{"minecraft:wooden_sword":1,"minecraft:oak_planks":4,"minecraft:wooden_shovel":2,"minecraft:crafting_table":2,"minecraft:wooden_pickaxe":1,"minecraft:iron_sword":1,"minecraft:bone_meal":3,"minecraft:stone_axe":1,"minecraft:air":40,"minecraft:stick":12,"minecraft:iron_ingot":8,"minecraft:stone_pickaxe":5,"minecraft:stone_sword":1,"minecraft:chest":2,"minecraft:acacia_planks":24},"minecraft:mined":{"minecraft:acacia_leaves":10,"minecraft:granite":10,"minecraft:acacia_log":24,"minecraft:grass_block":26,"minecraft:calcite":15,"minecraft:chest":3,"minecraft:copper_ore":18,"minecraft:tall_grass":15,"minecraft:cobblestone":269,"minecraft:sugar_cane":2,"minecraft:diorite":10,"minecraft:wall_torch":1,"minecraft:amethyst_block":4,"minecraft:iron_ore":24,"minecraft:andesite":21,"minecraft:grass":41,"minecraft:oak_log":1,"minecraft:coal_ore":69,"minecraft:cobblestone_slab":1,"minecraft:dirt":74,"minecraft:smooth_basalt":7,"minecraft:acacia_planks":6,"minecraft:stone":323,"minecraft:oak_leaves":7},"minecraft:picked_up":{"minecraft:charcoal":1,"minecraft:leather_chestplate":2,"minecraft:andesite":21,"minecraft:wooden_pickaxe":1,"minecraft:potion":21,"minecraft:oak_log":1,"minecraft:amethyst_block":4,"minecraft:dirt":97,"minecraft:string":10,"minecraft:raw_copper":121,"minecraft:bone":13,"minecraft:acacia_planks":10,"minecraft:wheat_seeds":6,"apocalypsenow:human_flesh":14,"minecraft:calcite":9,"apocalypsenow:money":2,"minecraft:stone_pickaxe":1,"minecraft:iron_ingot":9,"minecraft:cobblestone_slab":1,"minecraft:glass_bottle":9,"tac:9mm_round":1,"minecraft:sugar_cane":3,"minecraft:chest":3,"minecraft:iron_sword":1,"minecraft:acacia_sapling":4,"minecraft:smooth_basalt":7,"firstaid:plaster":6,"minecraft:stick":8,"minecraft:raw_iron":32,"minecraft:cooked_porkchop":4,"minecraft:torch":2,"minecraft:acacia_log":24,"minecraft:diorite":10,"minecraft:stone_sword":2,"minecraft:rotten_flesh":5,"immersiveengineering:seed":12,"minecraft:stone_axe":2,"minecraft:granite":10,"minecraft:bread":8,"alexsmobs:maggot":5,"minecraft:acacia_slab":63,"minecraft:coal":91,"minecraft:cobblestone":618},"minecraft:dropped":{"apocalypsenow:human_flesh":3,"minecraft:water_bucket":1,"minecraft:iron_ingot":6,"minecraft:bread":6,"minecraft:stone_axe":1,"minecraft:stone_sword":1,"minecraft:cooked_porkchop":6,"minecraft:raw_iron":8,"minecraft:cobblestone":92,"minecraft:acacia_log":5,"minecraft:dirt":8,"minecraft:leather_chestplate":2,"minecraft:acacia_slab":63,"minecraft:acacia_sapling":1,"minecraft:chest":1,"minecraft:wooden_shovel":1,"minecraft:potion":32,"minecraft:bone_meal":3,"minecraft:wooden_pickaxe":1,"firstaid:plaster":3,"immersiveengineering:seed":2,"minecraft:acacia_planks":6},"minecraft:used":{"minecraft:stone_sword":25,"minecraft:stone_pickaxe":727,"minecraft:chest":4,"minecraft:wooden_pickaxe":71,"minecraft:iron_sword":144,"minecraft:wooden_shovel":1,"minecraft:torch":20,"minecraft:dirt":52,"minecraft:crafting_table":2,"minecraft:acacia_sapling":2,"minecraft:wooden_sword":59,"minecraft:stone_axe":9,"minecraft:potion":12,"minecraft:cobblestone":135,"minecraft:bucket":1,"minecraft:acacia_planks":12},"minecraft:broken":{"minecraft:stone_pickaxe":5,"minecraft:wooden_sword":1}},"DataVersion":2975}