{"stats":{"minecraft:crafted":{"minecraft:wooden_sword":1,"minecraft:oak_planks":4,"minecraft:furnace":1,"minecraft:bone_meal":3,"minecraft:stone_pickaxe":10,"minecraft:chest":2,"minecraft:wooden_shovel":3,"minecraft:crafting_table":3,"minecraft:wooden_pickaxe":1,"minecraft:iron_sword":2,"minecraft:campfire":1,"minecraft:stone_axe":2,"minecraft:air":63,"minecraft:stick":56,"minecraft:iron_ingot":40,"minecraft:stone_sword":1,"minecraft:acacia_planks":24,"minecraft:torch":6},"minecraft:dropped":{"apocalypsenow:human_flesh":4,"minecraft:water_bucket":1,"minecraft:iron_ingot":9,"minecraft:bread":6,"minecraft:lapis_lazuli":44,"tac:round45":1,"minecraft:cooked_porkchop":6,"minecraft:cobblestone":152,"minecraft:amethyst_block":25,"minecraft:granite":13,"minecraft:acacia_log":5,"minecraft:stick":2,"minecraft:flint":1,"minecraft:dirt":11,"minecraft:diorite":21,"minecraft:potion":32,"minecraft:amethyst_shard":98,"minecraft:bone_meal":3,"minecraft:string":4,"minecraft:acacia_planks":6,"minecraft:bone":2,"minecraft:smooth_basalt":11,"minecraft:gravel":7,"minecraft:stone_axe":1,"minecraft:stone_sword":1,"minecraft:raw_copper":39,"minecraft:raw_iron":8,"minecraft:rotten_flesh":2,"sophisticatedbackpacks:backpack":1,"minecraft:leather_chestplate":2,"minecraft:andesite":104,"minecraft:acacia_slab":63,"minecraft:acacia_sapling":1,"minecraft:chest":1,"minecraft:wooden_shovel":1,"minecraft:wooden_pickaxe":1,"tac:9mm_round":1,"firstaid:plaster":3,"minecraft:calcite":19,"immersiveengineering:seed":3},"minecraft:killed":{"hordes:zombie_player":1,"undead_revamp2:thesmoker":1,"zombie_extreme:runner":2,"zombie_extreme:crawler":1,"minecraft:husk":4,"minecraft:zombie":5,"alexsmobs:fly":5},"minecraft:custom":{"minecraft:mob_kills":27,"minecraft:interact_with_crafting_table":37,"minecraft:interact_with_campfire":8,"minecraft:damage_dealt_resisted":874,"minecraft:leave_game":4,"minecraft:time_since_death":6671,"minecraft:sprint_one_cm":600028,"minecraft:walk_one_cm":621075,"minecraft:drop":93,"minecraft:play_time":305380,"minecraft:deaths":58,"minecraft:sneak_time":25192,"minecraft:walk_under_water_one_cm":33273,"minecraft:jump":3339,"minecraft:walk_on_water_one_cm":28274,"minecraft:total_world_time":305380,"minecraft:interact_with_furnace":16,"minecraft:interact_with_loom":1,"minecraft:stove_opened":1,"minecraft:sleep_in_bed":1,"minecraft:time_since_rest":6905,"minecraft:damage_taken":17125,"minecraft:damage_dealt":10133,"minecraft:freezer_opened":1,"minecraft:swim_one_cm":100838,"minecraft:fly_one_cm":624269,"minecraft:open_chest":75,"minecraft:crouch_one_cm":60428,"minecraft:fall_one_cm":82562},"minecraft:broken":{"minecraft:stone_pickaxe":7,"minecraft:wooden_sword":1},"minecraft:killed_by":{"minecraft:husk":9,"undead_revamp2:the_moonflower":2,"zombie_extreme:runner":8,"hordes:zombie_player":2,"zombiemobs:zombie_dolphin":2,"minecraft:drowned":2,"zombie_extreme:infected_police":3,"zombie_extreme:demolisher":2,"undead_revamp2:bomber":1,"zombiemobs:zombie_squid":1,"minecraft:zombie":15,"zombiemobs:zombie_turtle":1,"undead_revamp2:thesmoker":1,"zombie_extreme:crawler":2,"zombiemobs:zombie_wolf":1},"minecraft:picked_up":{"minecraft:charcoal":1,"minecraft:wooden_pickaxe":1,"minecraft:potion":33,"minecraft:amethyst_block":25,"minecraft:string":14,"minecraft:raw_copper":127,"minecraft:cobblestone_slab":1,"minecraft:calcite":19,"minecraft:sugar_cane":3,"minecraft:chest":3,"minecraft:stick":8,"minecraft:raw_iron":56,"minecraft:torch":2,"minecraft:acacia_log":29,"sophisticatedbackpacks:backpack":1,"minecraft:diorite":21,"minecraft:stone_sword":2,"minecraft:rotten_flesh":10,"minecraft:cobblestone":756,"tac:round45":1,"minecraft:leather_chestplate":2,"minecraft:andesite":104,"minecraft:flint":1,"minecraft:oak_log":1,"minecraft:lapis_lazuli":44,"minecraft:dirt":127,"apocalypsenow:cooked_human_flesh":2,"minecraft:bone":15,"minecraft:acacia_planks":10,"apocalypsenow:human_flesh":15,"minecraft:wheat_seeds":6,"minecraft:stone_pickaxe":1,"apocalypsenow:money":2,"minecraft:iron_ingot":9,"minecraft:glass_bottle":9,"tac:9mm_round":2,"minecraft:acacia_sapling":4,"minecraft:iron_sword":1,"firstaid:plaster":6,"minecraft:smooth_basalt":11,"minecraft:cooked_porkchop":4,"minecraft:gravel":7,"minecraft:amethyst_shard":98,"immersiveengineering:seed":13,"minecraft:stone_axe":2,"minecraft:granite":13,"minecraft:bread":8,"alexsmobs:maggot":5,"minecraft:acacia_slab":63,"minecraft:coal":110},"minecraft:mined":{"minecraft:large_amethyst_bud":1,"minecraft:glow_lichen":2,"minecraft:granite":13,"minecraft:budding_amethyst":8,"minecraft:acacia_log":29,"minecraft:grass_block":28,"minecraft:iron_ore":48,"minecraft:andesite":104,"minecraft:cobblestone_slab":1,"minecraft:small_amethyst_bud":2,"minecraft:stone":414,"minecraft:acacia_leaves":10,"minecraft:medium_amethyst_bud":1,"minecraft:amethyst_cluster":22,"minecraft:calcite":19,"minecraft:chest":3,"minecraft:tall_grass":15,"minecraft:copper_ore":20,"minecraft:cobblestone":272,"minecraft:lapis_ore":6,"minecraft:sugar_cane":2,"minecraft:diorite":21,"minecraft:wall_torch":1,"minecraft:amethyst_block":28,"minecraft:grass":41,"minecraft:oak_log":1,"minecraft:coal_ore":73,"minecraft:gravel":8,"minecraft:dirt":90,"minecraft:smooth_basalt":11,"minecraft:acacia_planks":6,"minecraft:oak_leaves":7},"minecraft:used":{"minecraft:stone_sword":25,"minecraft:chest":4,"minecraft:iron_sword":172,"minecraft:wooden_shovel":6,"minecraft:torch":20,"minecraft:dirt":74,"minecraft:acacia_sapling":2,"minecraft:furnace":1,"minecraft:acacia_planks":12,"minecraft:glass_bottle":5,"minecraft:stone_pickaxe":975,"minecraft:wooden_pickaxe":71,"minecraft:crafting_table":3,"minecraft:iron_pickaxe":48,"minecraft:stone_axe":9,"minecraft:wooden_sword":59,"minecraft:cobblestone":179,"minecraft:potion":17,"minecraft:bucket":1}},"DataVersion":2975}