{"stats":{"minecraft:killed":{"minecraft:husk":3,"hordes:zombie_player":1,"minecraft:zombie":1},"minecraft:custom":{"minecraft:interact_with_furnace":4,"minecraft:mob_kills":12,"minecraft:interact_with_crafting_table":20,"minecraft:damage_dealt_resisted":105,"minecraft:leave_game":1,"minecraft:time_since_death":43366,"minecraft:time_since_rest":43513,"minecraft:sprint_one_cm":162039,"minecraft:damage_taken":4975,"minecraft:walk_one_cm":176477,"minecraft:drop":35,"minecraft:damage_dealt":3248,"minecraft:swim_one_cm":28543,"minecraft:fly_one_cm":152248,"minecraft:open_chest":20,"minecraft:crouch_one_cm":31968,"minecraft:play_time":98615,"minecraft:deaths":18,"minecraft:sneak_time":11429,"minecraft:walk_under_water_one_cm":8870,"minecraft:jump":1056,"minecraft:walk_on_water_one_cm":3604,"minecraft:total_world_time":98615,"minecraft:fall_one_cm":17976},"minecraft:killed_by":{"minecraft:husk":3,"zombie_extreme:demolisher":1,"minecraft:zombie":3,"zombie_extreme:runner":5,"zombiemobs:zombie_turtle":1,"hordes:zombie_player":1,"zombiemobs:zombie_dolphin":1,"minecraft:drowned":1,"zombie_extreme:crawler":1},"minecraft:crafted":{"minecraft:wooden_sword":1,"minecraft:oak_planks":4,"minecraft:wooden_shovel":2,"minecraft:crafting_table":1,"minecraft:wooden_pickaxe":1,"minecraft:iron_sword":1,"minecraft:stone_axe":1,"minecraft:air":28,"minecraft:stick":12,"minecraft:iron_ingot":8,"minecraft:stone_pickaxe":2,"minecraft:stone_sword":1,"minecraft:chest":2,"minecraft:acacia_planks":20},"minecraft:mined":{"minecraft:acacia_leaves":10,"minecraft:acacia_log":19,"minecraft:grass_block":11,"minecraft:chest":3,"minecraft:tall_grass":9,"minecraft:copper_ore":10,"minecraft:cobblestone":8,"minecraft:wall_torch":1,"minecraft:iron_ore":16,"minecraft:grass":17,"minecraft:oak_log":1,"minecraft:coal_ore":69,"minecraft:dirt":69,"minecraft:acacia_planks":6,"minecraft:stone":225,"minecraft:oak_leaves":6},"minecraft:picked_up":{"minecraft:charcoal":1,"minecraft:leather_chestplate":2,"minecraft:wooden_pickaxe":1,"minecraft:potion":21,"minecraft:oak_log":1,"minecraft:dirt":73,"minecraft:string":4,"minecraft:raw_copper":88,"minecraft:bone":6,"minecraft:acacia_planks":10,"minecraft:wheat_seeds":3,"apocalypsenow:human_flesh":5,"minecraft:stone_pickaxe":1,"apocalypsenow:money":2,"minecraft:iron_ingot":9,"minecraft:glass_bottle":9,"tac:9mm_round":1,"minecraft:chest":3,"minecraft:iron_sword":1,"minecraft:acacia_sapling":3,"firstaid:plaster":6,"minecraft:stick":8,"minecraft:raw_iron":24,"minecraft:cooked_porkchop":4,"minecraft:torch":2,"minecraft:acacia_log":15,"minecraft:stone_sword":2,"minecraft:rotten_flesh":5,"immersiveengineering:seed":3,"minecraft:stone_axe":2,"minecraft:bread":8,"minecraft:coal":91,"minecraft:cobblestone":321},"minecraft:dropped":{"apocalypsenow:human_flesh":2,"minecraft:iron_ingot":6,"minecraft:bread":6,"minecraft:stone_axe":1,"minecraft:stone_sword":1,"minecraft:cooked_porkchop":6,"minecraft:raw_iron":8,"minecraft:cobblestone":28,"minecraft:leather_chestplate":2,"minecraft:acacia_sapling":1,"minecraft:chest":1,"minecraft:wooden_shovel":1,"minecraft:potion":25,"minecraft:wooden_pickaxe":1,"firstaid:plaster":3,"minecraft:acacia_planks":6},"minecraft:used":{"minecraft:stone_sword":25,"minecraft:stone_pickaxe":263,"minecraft:chest":4,"minecraft:wooden_pickaxe":71,"minecraft:iron_sword":8,"minecraft:torch":15,"minecraft:dirt":49,"minecraft:crafting_table":1,"minecraft:acacia_sapling":1,"minecraft:stone_axe":9,"minecraft:wooden_sword":59,"minecraft:potion":6,"minecraft:cobblestone":127,"minecraft:acacia_planks":12},"minecraft:broken":{"minecraft:stone_pickaxe":2,"minecraft:wooden_sword":1}},"DataVersion":2975}