{"stats":{"minecraft:killed":{"zombie_extreme:crawler":1,"minecraft:husk":4,"hordes:zombie_player":1,"undead_revamp2:thesmoker":1,"minecraft:zombie":1,"alexsmobs:fly":5,"zombie_extreme:runner":2},"minecraft:custom":{"minecraft:interact_with_furnace":4,"minecraft:mob_kills":23,"minecraft:interact_with_crafting_table":22,"minecraft:damage_dealt_resisted":874,"minecraft:leave_game":1,"minecraft:time_since_death":0,"minecraft:time_since_rest":85,"minecraft:sprint_one_cm":345446,"minecraft:damage_taken":11660,"minecraft:walk_one_cm":271295,"minecraft:drop":41,"minecraft:damage_dealt":8581,"minecraft:swim_one_cm":62033,"minecraft:fly_one_cm":322605,"minecraft:open_chest":29,"minecraft:crouch_one_cm":40539,"minecraft:play_time":158615,"minecraft:deaths":40,"minecraft:sneak_time":13894,"minecraft:walk_under_water_one_cm":19686,"minecraft:jump":2170,"minecraft:walk_on_water_one_cm":10496,"minecraft:total_world_time":158615,"minecraft:fall_one_cm":44755},"minecraft:killed_by":{"minecraft:husk":6,"undead_revamp2:the_moonflower":2,"zombie_extreme:demolisher":2,"minecraft:zombie":9,"zombie_extreme:runner":6,"zombiemobs:zombie_turtle":1,"hordes:zombie_player":2,"undead_revamp2:thesmoker":1,"zombiemobs:zombie_dolphin":1,"minecraft:drowned":2,"zombie_extreme:infected_police":3,"zombie_extreme:crawler":2,"zombiemobs:zombie_wolf":1},"minecraft:crafted":{"minecraft:wooden_sword":1,"minecraft:oak_planks":4,"minecraft:wooden_shovel":2,"minecraft:crafting_table":1,"minecraft:wooden_pickaxe":1,"minecraft:iron_sword":1,"minecraft:stone_axe":1,"minecraft:air":40,"minecraft:stick":12,"minecraft:iron_ingot":8,"minecraft:stone_pickaxe":2,"minecraft:stone_sword":1,"minecraft:chest":2,"minecraft:acacia_planks":20},"minecraft:mined":{"minecraft:acacia_leaves":10,"minecraft:acacia_log":22,"minecraft:grass_block":25,"minecraft:chest":3,"minecraft:tall_grass":15,"minecraft:copper_ore":10,"minecraft:cobblestone":8,"minecraft:wall_torch":1,"minecraft:iron_ore":16,"minecraft:grass":26,"minecraft:oak_log":1,"minecraft:coal_ore":69,"minecraft:dirt":69,"minecraft:acacia_planks":6,"minecraft:stone":225,"minecraft:oak_leaves":7},"minecraft:picked_up":{"minecraft:charcoal":1,"minecraft:leather_chestplate":2,"minecraft:wooden_pickaxe":1,"minecraft:potion":21,"minecraft:oak_log":1,"minecraft:dirt":87,"minecraft:string":10,"minecraft:raw_copper":88,"minecraft:bone":12,"minecraft:acacia_planks":10,"minecraft:wheat_seeds":4,"apocalypsenow:human_flesh":14,"minecraft:stone_pickaxe":1,"apocalypsenow:money":2,"minecraft:iron_ingot":9,"minecraft:glass_bottle":9,"tac:9mm_round":1,"minecraft:chest":3,"minecraft:iron_sword":1,"minecraft:acacia_sapling":4,"firstaid:plaster":6,"minecraft:stick":8,"minecraft:raw_iron":24,"minecraft:cooked_porkchop":4,"minecraft:torch":2,"minecraft:acacia_log":23,"minecraft:stone_sword":2,"minecraft:rotten_flesh":5,"immersiveengineering:seed":7,"minecraft:stone_axe":2,"minecraft:bread":8,"alexsmobs:maggot":5,"minecraft:coal":91,"minecraft:cobblestone":321},"minecraft:dropped":{"apocalypsenow:human_flesh":3,"minecraft:iron_ingot":6,"minecraft:bread":6,"minecraft:stone_axe":1,"minecraft:stone_sword":1,"minecraft:cooked_porkchop":6,"minecraft:raw_iron":8,"minecraft:cobblestone":28,"minecraft:acacia_log":5,"minecraft:leather_chestplate":2,"minecraft:acacia_sapling":1,"minecraft:chest":1,"minecraft:wooden_shovel":1,"minecraft:potion":25,"minecraft:wooden_pickaxe":1,"firstaid:plaster":3,"minecraft:acacia_planks":6},"minecraft:used":{"minecraft:stone_sword":25,"minecraft:stone_pickaxe":263,"minecraft:chest":4,"minecraft:wooden_pickaxe":71,"minecraft:iron_sword":144,"minecraft:wooden_shovel":1,"minecraft:torch":20,"minecraft:dirt":50,"minecraft:crafting_table":1,"minecraft:acacia_sapling":2,"minecraft:stone_axe":9,"minecraft:wooden_sword":59,"minecraft:potion":10,"minecraft:cobblestone":127,"minecraft:acacia_planks":12},"minecraft:broken":{"minecraft:stone_pickaxe":2,"minecraft:wooden_sword":1}},"DataVersion":2975}