{"stats":{"minecraft:crafted":{"minecraft:wooden_sword":1,"minecraft:oak_planks":4,"minecraft:wooden_shovel":2,"minecraft:crafting_table":3,"minecraft:wooden_pickaxe":1,"minecraft:iron_sword":1,"minecraft:furnace":1,"minecraft:bone_meal":3,"minecraft:stone_axe":2,"minecraft:air":63,"minecraft:stick":44,"minecraft:iron_ingot":40,"minecraft:stone_pickaxe":8,"minecraft:stone_sword":1,"minecraft:chest":2,"minecraft:acacia_planks":24,"minecraft:torch":6},"minecraft:dropped":{"apocalypsenow:human_flesh":3,"minecraft:water_bucket":1,"minecraft:iron_ingot":9,"minecraft:bread":6,"minecraft:stone_axe":1,"minecraft:lapis_lazuli":44,"minecraft:stone_sword":1,"minecraft:raw_copper":39,"minecraft:cooked_porkchop":6,"minecraft:raw_iron":8,"minecraft:cobblestone":92,"minecraft:amethyst_block":25,"minecraft:granite":13,"minecraft:acacia_log":5,"minecraft:leather_chestplate":2,"minecraft:dirt":8,"minecraft:diorite":21,"minecraft:andesite":88,"minecraft:acacia_slab":63,"minecraft:acacia_sapling":1,"minecraft:chest":1,"minecraft:wooden_shovel":1,"minecraft:potion":32,"minecraft:amethyst_shard":98,"minecraft:bone_meal":3,"minecraft:wooden_pickaxe":1,"firstaid:plaster":3,"minecraft:calcite":19,"immersiveengineering:seed":2,"minecraft:acacia_planks":6,"minecraft:smooth_basalt":11},"minecraft:killed":{"zombie_extreme:crawler":1,"minecraft:husk":4,"hordes:zombie_player":1,"undead_revamp2:thesmoker":1,"minecraft:zombie":2,"alexsmobs:fly":5,"zombie_extreme:runner":2},"minecraft:custom":{"minecraft:interact_with_furnace":13,"minecraft:mob_kills":24,"minecraft:interact_with_crafting_table":32,"minecraft:leave_game":3,"minecraft:damage_dealt_resisted":874,"minecraft:time_since_death":2074,"minecraft:sleep_in_bed":1,"minecraft:time_since_rest":3428,"minecraft:sprint_one_cm":451164,"minecraft:damage_taken":14134,"minecraft:walk_one_cm":516252,"minecraft:drop":71,"minecraft:damage_dealt":9006,"minecraft:swim_one_cm":73627,"minecraft:fly_one_cm":392815,"minecraft:open_chest":53,"minecraft:play_time":253897,"minecraft:crouch_one_cm":58002,"minecraft:sneak_time":24235,"minecraft:deaths":48,"minecraft:walk_under_water_one_cm":24630,"minecraft:jump":2872,"minecraft:walk_on_water_one_cm":19971,"minecraft:total_world_time":253897,"minecraft:fall_one_cm":63540},"minecraft:broken":{"minecraft:stone_pickaxe":7,"minecraft:wooden_sword":1},"minecraft:killed_by":{"minecraft:husk":9,"undead_revamp2:the_moonflower":2,"zombie_extreme:demolisher":2,"undead_revamp2:bomber":1,"minecraft:zombie":11,"zombie_extreme:runner":7,"zombiemobs:zombie_turtle":1,"hordes:zombie_player":2,"undead_revamp2:thesmoker":1,"zombiemobs:zombie_dolphin":1,"minecraft:drowned":2,"zombie_extreme:infected_police":3,"zombie_extreme:crawler":2,"zombiemobs:zombie_wolf":1},"minecraft:picked_up":{"minecraft:charcoal":1,"minecraft:leather_chestplate":2,"minecraft:andesite":88,"minecraft:wooden_pickaxe":1,"minecraft:potion":24,"minecraft:oak_log":1,"minecraft:amethyst_block":25,"minecraft:lapis_lazuli":44,"minecraft:string":10,"minecraft:dirt":104,"minecraft:raw_copper":127,"minecraft:bone":13,"minecraft:acacia_planks":10,"minecraft:wheat_seeds":6,"apocalypsenow:human_flesh":14,"apocalypsenow:money":2,"minecraft:iron_ingot":9,"minecraft:stone_pickaxe":1,"minecraft:cobblestone_slab":1,"minecraft:calcite":19,"minecraft:glass_bottle":9,"tac:9mm_round":1,"minecraft:sugar_cane":3,"minecraft:chest":3,"minecraft:iron_sword":1,"minecraft:acacia_sapling":4,"firstaid:plaster":6,"minecraft:stick":8,"minecraft:raw_iron":56,"minecraft:smooth_basalt":11,"minecraft:cooked_porkchop":4,"minecraft:torch":2,"minecraft:acacia_log":29,"minecraft:amethyst_shard":98,"minecraft:diorite":21,"minecraft:stone_sword":2,"minecraft:rotten_flesh":6,"immersiveengineering:seed":12,"minecraft:stone_axe":2,"minecraft:granite":13,"minecraft:bread":8,"alexsmobs:maggot":5,"minecraft:acacia_slab":63,"minecraft:coal":95,"minecraft:cobblestone":679},"minecraft:mined":{"minecraft:large_amethyst_bud":1,"minecraft:acacia_leaves":10,"minecraft:medium_amethyst_bud":1,"minecraft:amethyst_cluster":22,"minecraft:glow_lichen":2,"minecraft:granite":13,"minecraft:budding_amethyst":8,"minecraft:acacia_log":29,"minecraft:grass_block":27,"minecraft:calcite":19,"minecraft:chest":3,"minecraft:copper_ore":20,"minecraft:tall_grass":15,"minecraft:cobblestone":272,"minecraft:lapis_ore":6,"minecraft:sugar_cane":2,"minecraft:diorite":21,"minecraft:wall_torch":1,"minecraft:amethyst_block":28,"minecraft:iron_ore":48,"minecraft:andesite":88,"minecraft:grass":41,"minecraft:coal_ore":73,"minecraft:oak_log":1,"minecraft:cobblestone_slab":1,"minecraft:small_amethyst_bud":2,"minecraft:dirt":80,"minecraft:smooth_basalt":11,"minecraft:acacia_planks":6,"minecraft:stone":386,"minecraft:oak_leaves":7},"minecraft:used":{"minecraft:stone_sword":25,"minecraft:stone_pickaxe":931,"minecraft:chest":4,"minecraft:wooden_pickaxe":71,"minecraft:iron_sword":151,"minecraft:wooden_shovel":1,"minecraft:torch":20,"minecraft:dirt":52,"minecraft:crafting_table":3,"minecraft:acacia_sapling":2,"minecraft:iron_pickaxe":48,"minecraft:potion":15,"minecraft:wooden_sword":59,"minecraft:stone_axe":9,"minecraft:cobblestone":165,"minecraft:furnace":1,"minecraft:bucket":1,"minecraft:acacia_planks":12}},"DataVersion":2975}