{"stats":{"minecraft:killed":{"zombie_extreme:crawler":1,"minecraft:husk":4,"hordes:zombie_player":1,"undead_revamp2:thesmoker":1,"minecraft:zombie":1,"alexsmobs:fly":3,"zombie_extreme:runner":2},"minecraft:custom":{"minecraft:interact_with_furnace":4,"minecraft:mob_kills":21,"minecraft:interact_with_crafting_table":20,"minecraft:damage_dealt_resisted":619,"minecraft:leave_game":1,"minecraft:time_since_death":76,"minecraft:time_since_rest":156,"minecraft:sprint_one_cm":190196,"minecraft:damage_taken":6285,"minecraft:walk_one_cm":187391,"minecraft:drop":35,"minecraft:damage_dealt":7427,"minecraft:swim_one_cm":41251,"minecraft:fly_one_cm":175626,"minecraft:open_chest":20,"minecraft:crouch_one_cm":32803,"minecraft:play_time":110615,"minecraft:deaths":22,"minecraft:sneak_time":12224,"minecraft:walk_under_water_one_cm":12596,"minecraft:jump":1206,"minecraft:walk_on_water_one_cm":5225,"minecraft:total_world_time":110615,"minecraft:fall_one_cm":20857},"minecraft:killed_by":{"minecraft:husk":3,"zombie_extreme:demolisher":1,"minecraft:zombie":6,"zombie_extreme:runner":5,"zombiemobs:zombie_turtle":1,"hordes:zombie_player":1,"zombiemobs:zombie_dolphin":1,"minecraft:drowned":1,"zombie_extreme:crawler":2},"minecraft:crafted":{"minecraft:wooden_sword":1,"minecraft:oak_planks":4,"minecraft:wooden_shovel":2,"minecraft:crafting_table":1,"minecraft:wooden_pickaxe":1,"minecraft:iron_sword":1,"minecraft:stone_axe":1,"minecraft:air":28,"minecraft:stick":12,"minecraft:iron_ingot":8,"minecraft:stone_pickaxe":2,"minecraft:stone_sword":1,"minecraft:chest":2,"minecraft:acacia_planks":20},"minecraft:mined":{"minecraft:acacia_leaves":10,"minecraft:acacia_log":19,"minecraft:grass_block":12,"minecraft:chest":3,"minecraft:tall_grass":14,"minecraft:copper_ore":10,"minecraft:cobblestone":8,"minecraft:wall_torch":1,"minecraft:iron_ore":16,"minecraft:grass":18,"minecraft:oak_log":1,"minecraft:coal_ore":69,"minecraft:dirt":69,"minecraft:acacia_planks":6,"minecraft:stone":225,"minecraft:oak_leaves":6},"minecraft:picked_up":{"minecraft:charcoal":1,"minecraft:leather_chestplate":2,"minecraft:wooden_pickaxe":1,"minecraft:potion":21,"minecraft:oak_log":1,"minecraft:dirt":74,"minecraft:string":6,"minecraft:raw_copper":88,"minecraft:bone":8,"minecraft:acacia_planks":10,"minecraft:wheat_seeds":3,"apocalypsenow:human_flesh":7,"minecraft:stone_pickaxe":1,"apocalypsenow:money":2,"minecraft:iron_ingot":9,"minecraft:glass_bottle":9,"tac:9mm_round":1,"minecraft:chest":3,"minecraft:iron_sword":1,"minecraft:acacia_sapling":3,"firstaid:plaster":6,"minecraft:stick":8,"minecraft:raw_iron":24,"minecraft:cooked_porkchop":4,"minecraft:torch":2,"minecraft:acacia_log":15,"minecraft:stone_sword":2,"minecraft:rotten_flesh":5,"immersiveengineering:seed":3,"minecraft:stone_axe":2,"minecraft:bread":8,"minecraft:coal":91,"minecraft:cobblestone":321},"minecraft:dropped":{"apocalypsenow:human_flesh":2,"minecraft:iron_ingot":6,"minecraft:bread":6,"minecraft:stone_axe":1,"minecraft:stone_sword":1,"minecraft:cooked_porkchop":6,"minecraft:raw_iron":8,"minecraft:cobblestone":28,"minecraft:leather_chestplate":2,"minecraft:acacia_sapling":1,"minecraft:chest":1,"minecraft:wooden_shovel":1,"minecraft:potion":25,"minecraft:wooden_pickaxe":1,"firstaid:plaster":3,"minecraft:acacia_planks":6},"minecraft:used":{"minecraft:stone_sword":25,"minecraft:stone_pickaxe":263,"minecraft:chest":4,"minecraft:wooden_pickaxe":71,"minecraft:iron_sword":114,"minecraft:wooden_shovel":1,"minecraft:torch":20,"minecraft:dirt":50,"minecraft:crafting_table":1,"minecraft:acacia_sapling":1,"minecraft:stone_axe":9,"minecraft:wooden_sword":59,"minecraft:potion":8,"minecraft:cobblestone":127,"minecraft:acacia_planks":12},"minecraft:broken":{"minecraft:stone_pickaxe":2,"minecraft:wooden_sword":1}},"DataVersion":2975}