{"stats":{"minecraft:killed":{"zombie_extreme:crawler":1,"minecraft:husk":4,"hordes:zombie_player":1,"undead_revamp2:thesmoker":1,"minecraft:zombie":1,"alexsmobs:fly":5,"zombie_extreme:runner":2},"minecraft:custom":{"minecraft:interact_with_furnace":10,"minecraft:mob_kills":23,"minecraft:interact_with_crafting_table":30,"minecraft:damage_dealt_resisted":874,"minecraft:leave_game":2,"minecraft:time_since_death":14907,"minecraft:sleep_in_bed":1,"minecraft:time_since_rest":2576,"minecraft:sprint_one_cm":432651,"minecraft:damage_taken":13794,"minecraft:walk_one_cm":496789,"minecraft:drop":71,"minecraft:damage_dealt":8606,"minecraft:swim_one_cm":70333,"minecraft:fly_one_cm":384327,"minecraft:open_chest":52,"minecraft:crouch_one_cm":57841,"minecraft:play_time":247161,"minecraft:sneak_time":24200,"minecraft:deaths":47,"minecraft:walk_under_water_one_cm":24126,"minecraft:jump":2822,"minecraft:walk_on_water_one_cm":18713,"minecraft:total_world_time":247161,"minecraft:fall_one_cm":59661},"minecraft:killed_by":{"minecraft:husk":9,"undead_revamp2:the_moonflower":2,"zombie_extreme:demolisher":2,"undead_revamp2:bomber":1,"minecraft:zombie":10,"zombie_extreme:runner":7,"zombiemobs:zombie_turtle":1,"hordes:zombie_player":2,"undead_revamp2:thesmoker":1,"zombiemobs:zombie_dolphin":1,"minecraft:drowned":2,"zombie_extreme:infected_police":3,"zombie_extreme:crawler":2,"zombiemobs:zombie_wolf":1},"minecraft:crafted":{"minecraft:wooden_sword":1,"minecraft:oak_planks":4,"minecraft:wooden_shovel":2,"minecraft:crafting_table":3,"minecraft:wooden_pickaxe":1,"minecraft:iron_sword":1,"minecraft:furnace":1,"minecraft:bone_meal":3,"minecraft:stone_axe":2,"minecraft:air":62,"minecraft:stick":44,"minecraft:iron_ingot":17,"minecraft:stone_pickaxe":8,"minecraft:stone_sword":1,"minecraft:chest":2,"minecraft:acacia_planks":24},"minecraft:picked_up":{"minecraft:charcoal":1,"minecraft:leather_chestplate":2,"minecraft:andesite":88,"minecraft:wooden_pickaxe":1,"minecraft:potion":24,"minecraft:oak_log":1,"minecraft:amethyst_block":25,"minecraft:lapis_lazuli":44,"minecraft:dirt":104,"minecraft:string":10,"minecraft:raw_copper":127,"minecraft:bone":13,"minecraft:acacia_planks":10,"minecraft:wheat_seeds":6,"apocalypsenow:human_flesh":14,"minecraft:calcite":19,"apocalypsenow:money":2,"minecraft:stone_pickaxe":1,"minecraft:iron_ingot":9,"minecraft:cobblestone_slab":1,"minecraft:glass_bottle":9,"tac:9mm_round":1,"minecraft:sugar_cane":3,"minecraft:chest":3,"minecraft:iron_sword":1,"minecraft:acacia_sapling":4,"minecraft:smooth_basalt":11,"firstaid:plaster":6,"minecraft:stick":8,"minecraft:raw_iron":56,"minecraft:cooked_porkchop":4,"minecraft:torch":2,"minecraft:acacia_log":29,"minecraft:amethyst_shard":98,"minecraft:diorite":21,"minecraft:stone_sword":2,"minecraft:rotten_flesh":5,"immersiveengineering:seed":12,"minecraft:stone_axe":2,"minecraft:granite":13,"minecraft:bread":8,"alexsmobs:maggot":5,"minecraft:acacia_slab":63,"minecraft:coal":95,"minecraft:cobblestone":677},"minecraft:mined":{"minecraft:large_amethyst_bud":1,"minecraft:acacia_leaves":10,"minecraft:medium_amethyst_bud":1,"minecraft:amethyst_cluster":22,"minecraft:glow_lichen":2,"minecraft:granite":13,"minecraft:budding_amethyst":8,"minecraft:acacia_log":29,"minecraft:grass_block":27,"minecraft:calcite":19,"minecraft:chest":3,"minecraft:lapis_ore":6,"minecraft:copper_ore":20,"minecraft:tall_grass":15,"minecraft:cobblestone":270,"minecraft:sugar_cane":2,"minecraft:diorite":21,"minecraft:wall_torch":1,"minecraft:amethyst_block":28,"minecraft:iron_ore":48,"minecraft:andesite":88,"minecraft:small_amethyst_bud":2,"minecraft:grass":41,"minecraft:oak_log":1,"minecraft:coal_ore":73,"minecraft:cobblestone_slab":1,"minecraft:dirt":80,"minecraft:smooth_basalt":11,"minecraft:acacia_planks":6,"minecraft:stone":381,"minecraft:oak_leaves":7},"minecraft:dropped":{"apocalypsenow:human_flesh":3,"minecraft:water_bucket":1,"minecraft:iron_ingot":9,"minecraft:bread":6,"minecraft:stone_axe":1,"minecraft:lapis_lazuli":44,"minecraft:stone_sword":1,"minecraft:raw_copper":39,"minecraft:cooked_porkchop":6,"minecraft:raw_iron":8,"minecraft:cobblestone":92,"minecraft:amethyst_block":25,"minecraft:granite":13,"minecraft:acacia_log":5,"minecraft:dirt":8,"minecraft:leather_chestplate":2,"minecraft:diorite":21,"minecraft:andesite":88,"minecraft:acacia_slab":63,"minecraft:amethyst_shard":98,"minecraft:acacia_sapling":1,"minecraft:chest":1,"minecraft:wooden_shovel":1,"minecraft:potion":32,"minecraft:bone_meal":3,"minecraft:wooden_pickaxe":1,"firstaid:plaster":3,"minecraft:calcite":19,"immersiveengineering:seed":2,"minecraft:acacia_planks":6,"minecraft:smooth_basalt":11},"minecraft:used":{"minecraft:stone_sword":25,"minecraft:stone_pickaxe":931,"minecraft:chest":4,"minecraft:wooden_pickaxe":71,"minecraft:iron_sword":144,"minecraft:wooden_shovel":1,"minecraft:torch":20,"minecraft:dirt":52,"minecraft:crafting_table":3,"minecraft:acacia_sapling":2,"minecraft:iron_pickaxe":41,"minecraft:wooden_sword":59,"minecraft:stone_axe":9,"minecraft:potion":15,"minecraft:cobblestone":163,"minecraft:furnace":1,"minecraft:bucket":1,"minecraft:acacia_planks":12},"minecraft:broken":{"minecraft:stone_pickaxe":7,"minecraft:wooden_sword":1}},"DataVersion":2975}