{"stats":{"minecraft:crafted":{"minecraft:wooden_sword":1,"minecraft:oak_planks":4,"minecraft:furnace":1,"minecraft:bone_meal":3,"minecraft:stone_pickaxe":9,"minecraft:chest":2,"minecraft:wooden_shovel":3,"minecraft:crafting_table":3,"minecraft:wooden_pickaxe":1,"minecraft:iron_sword":2,"minecraft:stone_axe":2,"minecraft:air":63,"minecraft:stick":52,"minecraft:iron_ingot":40,"minecraft:stone_sword":1,"minecraft:acacia_planks":24,"minecraft:torch":6},"minecraft:dropped":{"apocalypsenow:human_flesh":3,"minecraft:water_bucket":1,"minecraft:iron_ingot":9,"minecraft:bread":6,"minecraft:lapis_lazuli":44,"minecraft:cooked_porkchop":6,"minecraft:cobblestone":92,"minecraft:amethyst_block":25,"minecraft:granite":13,"minecraft:acacia_log":5,"minecraft:stick":1,"minecraft:flint":1,"minecraft:dirt":9,"minecraft:diorite":21,"minecraft:potion":32,"minecraft:amethyst_shard":98,"minecraft:bone_meal":3,"minecraft:acacia_planks":6,"minecraft:smooth_basalt":11,"minecraft:stone_axe":1,"minecraft:stone_sword":1,"minecraft:raw_copper":39,"minecraft:raw_iron":8,"minecraft:leather_chestplate":2,"minecraft:andesite":88,"minecraft:acacia_slab":63,"minecraft:acacia_sapling":1,"minecraft:chest":1,"minecraft:wooden_shovel":1,"minecraft:wooden_pickaxe":1,"firstaid:plaster":3,"minecraft:calcite":19,"immersiveengineering:seed":2},"minecraft:killed":{"hordes:zombie_player":1,"undead_revamp2:thesmoker":1,"zombie_extreme:runner":2,"zombie_extreme:crawler":1,"minecraft:husk":4,"minecraft:zombie":2,"alexsmobs:fly":5},"minecraft:custom":{"minecraft:mob_kills":24,"minecraft:interact_with_crafting_table":35,"minecraft:damage_dealt_resisted":874,"minecraft:leave_game":3,"minecraft:time_since_death":3383,"minecraft:sprint_one_cm":514983,"minecraft:walk_one_cm":550143,"minecraft:drop":74,"minecraft:play_time":265897,"minecraft:deaths":54,"minecraft:sneak_time":24684,"minecraft:walk_under_water_one_cm":28943,"minecraft:jump":3049,"minecraft:walk_on_water_one_cm":22071,"minecraft:total_world_time":265897,"minecraft:interact_with_furnace":15,"minecraft:stove_opened":1,"minecraft:sleep_in_bed":1,"minecraft:time_since_rest":3410,"minecraft:damage_taken":15906,"minecraft:damage_dealt":9020,"minecraft:freezer_opened":1,"minecraft:swim_one_cm":89655,"minecraft:fly_one_cm":436735,"minecraft:open_chest":62,"minecraft:crouch_one_cm":59041,"minecraft:fall_one_cm":75493},"minecraft:broken":{"minecraft:stone_pickaxe":7,"minecraft:wooden_sword":1},"minecraft:killed_by":{"minecraft:husk":9,"undead_revamp2:the_moonflower":2,"zombie_extreme:runner":8,"hordes:zombie_player":2,"zombiemobs:zombie_dolphin":2,"minecraft:drowned":2,"zombie_extreme:infected_police":3,"zombie_extreme:demolisher":2,"undead_revamp2:bomber":1,"zombiemobs:zombie_squid":1,"minecraft:zombie":13,"zombiemobs:zombie_turtle":1,"undead_revamp2:thesmoker":1,"zombie_extreme:crawler":2,"zombiemobs:zombie_wolf":1},"minecraft:picked_up":{"minecraft:charcoal":1,"minecraft:wooden_pickaxe":1,"minecraft:potion":24,"minecraft:amethyst_block":25,"minecraft:string":10,"minecraft:raw_copper":127,"minecraft:cobblestone_slab":1,"minecraft:calcite":19,"minecraft:sugar_cane":3,"minecraft:chest":3,"minecraft:stick":8,"minecraft:raw_iron":56,"minecraft:torch":2,"minecraft:acacia_log":29,"minecraft:diorite":21,"minecraft:stone_sword":2,"minecraft:rotten_flesh":6,"minecraft:cobblestone":738,"minecraft:leather_chestplate":2,"minecraft:andesite":98,"minecraft:flint":1,"minecraft:oak_log":1,"minecraft:lapis_lazuli":44,"minecraft:dirt":126,"minecraft:bone":13,"minecraft:acacia_planks":10,"apocalypsenow:human_flesh":15,"minecraft:wheat_seeds":6,"minecraft:stone_pickaxe":1,"apocalypsenow:money":2,"minecraft:iron_ingot":9,"minecraft:glass_bottle":9,"tac:9mm_round":1,"minecraft:acacia_sapling":4,"minecraft:iron_sword":1,"firstaid:plaster":6,"minecraft:smooth_basalt":11,"minecraft:cooked_porkchop":4,"minecraft:gravel":7,"minecraft:amethyst_shard":98,"immersiveengineering:seed":12,"minecraft:stone_axe":2,"minecraft:granite":13,"minecraft:bread":8,"alexsmobs:maggot":5,"minecraft:acacia_slab":63,"minecraft:coal":95},"minecraft:mined":{"minecraft:large_amethyst_bud":1,"minecraft:glow_lichen":2,"minecraft:granite":13,"minecraft:budding_amethyst":8,"minecraft:acacia_log":29,"minecraft:grass_block":28,"minecraft:iron_ore":48,"minecraft:andesite":99,"minecraft:cobblestone_slab":1,"minecraft:small_amethyst_bud":2,"minecraft:stone":393,"minecraft:acacia_leaves":10,"minecraft:medium_amethyst_bud":1,"minecraft:amethyst_cluster":22,"minecraft:calcite":19,"minecraft:chest":3,"minecraft:tall_grass":15,"minecraft:copper_ore":20,"minecraft:cobblestone":272,"minecraft:lapis_ore":6,"minecraft:sugar_cane":2,"minecraft:diorite":21,"minecraft:wall_torch":1,"minecraft:amethyst_block":28,"minecraft:grass":41,"minecraft:oak_log":1,"minecraft:coal_ore":73,"minecraft:gravel":8,"minecraft:dirt":90,"minecraft:smooth_basalt":11,"minecraft:acacia_planks":6,"minecraft:oak_leaves":7},"minecraft:used":{"minecraft:stone_sword":25,"minecraft:chest":4,"minecraft:iron_sword":151,"minecraft:wooden_shovel":6,"minecraft:torch":20,"minecraft:dirt":72,"minecraft:acacia_sapling":2,"minecraft:furnace":1,"minecraft:acacia_planks":12,"minecraft:stone_pickaxe":949,"minecraft:wooden_pickaxe":71,"minecraft:crafting_table":3,"minecraft:iron_pickaxe":48,"minecraft:stone_axe":9,"minecraft:wooden_sword":59,"minecraft:cobblestone":165,"minecraft:potion":15,"minecraft:bucket":1}},"DataVersion":2975}