{"stats":{"minecraft:custom":{"minecraft:open_chest":4,"minecraft:time_since_rest":13844,"minecraft:crouch_one_cm":46,"minecraft:play_time":13844,"minecraft:sprint_one_cm":23854,"minecraft:damage_taken":130,"minecraft:walk_one_cm":32237,"minecraft:sneak_time":197,"minecraft:walk_under_water_one_cm":298,"minecraft:jump":129,"minecraft:damage_dealt":0,"minecraft:leave_game":1,"minecraft:time_since_death":13844,"minecraft:walk_on_water_one_cm":82,"minecraft:total_world_time":13844,"minecraft:interact_with_crafting_table":5,"minecraft:swim_one_cm":444,"minecraft:fall_one_cm":2244,"minecraft:fly_one_cm":10301},"minecraft:crafted":{"minecraft:stone_sword":2,"quark:acacia_chest":1,"minecraft:stone_axe":1,"minecraft:crafting_table":1,"minecraft:stick":8,"minecraft:air":20,"minecraft:stone_pickaxe":2},"minecraft:used":{"minecraft:torch":2,"chalk:red_chalk":1,"minecraft:crafting_table":1,"quark:acacia_chest":1,"chalk:blue_chalk":2,"minecraft:acacia_sapling":3,"minecraft:wooden_pickaxe":20},"minecraft:picked_up":{"immersiveengineering:seed":1,"minecraft:torch":1,"alexsmobs:acacia_blossom":1,"minecraft:acacia_log":5,"minecraft:acacia_sapling":3,"minecraft:coal":1,"minecraft:cobblestone":21},"minecraft:mined":{"minecraft:grass":1,"minecraft:acacia_log":5,"minecraft:coal_ore":1,"minecraft:tall_grass":1,"minecraft:stone":19}},"DataVersion":2975}