{"stats":{"minecraft:killed":{"zombiemobs:zombie_chicken":1},"minecraft:custom":{"lootr:looted_stat":3,"minecraft:interact_with_furnace":7,"minecraft:mob_kills":1,"minecraft:interact_with_crafting_table":10,"minecraft:damage_dealt_resisted":100,"minecraft:leave_game":3,"minecraft:time_since_death":32100,"minecraft:climb_one_cm":114,"minecraft:time_since_rest":32135,"minecraft:sprint_one_cm":315781,"minecraft:damage_taken":7071,"minecraft:walk_one_cm":224971,"minecraft:drop":26,"minecraft:damage_dealt":1073,"minecraft:swim_one_cm":6843,"minecraft:fly_one_cm":299769,"minecraft:open_chest":16,"minecraft:crouch_one_cm":25079,"minecraft:play_time":91679,"minecraft:deaths":23,"minecraft:sneak_time":9835,"minecraft:walk_under_water_one_cm":3631,"minecraft:jump":1840,"minecraft:walk_on_water_one_cm":17044,"minecraft:total_world_time":91679,"minecraft:fall_one_cm":43225},"minecraft:killed_by":{"minecraft:husk":1,"minecraft:zombie":4,"zombie_extreme:runner":4,"zombiemobs:zombie_turtle":1,"zombiemobs:zombie_fox":2,"hordes:zombie_player":1,"undead_revamp2:thesmoker":2,"zombiemobs:zombie_dolphin":2,"zombie_extreme:infected_police":1},"minecraft:crafted":{"minecraft:wooden_sword":2,"minecraft:oak_planks":4,"minecraft:cooked_porkchop":6,"minecraft:crafting_table":2,"minecraft:iron_sword":1,"minecraft:bucket":1,"minecraft:air":81,"minecraft:charcoal":3,"minecraft:stick":4,"minecraft:stone_pickaxe":1,"minecraft:stone_sword":2},"minecraft:mined":{"minecraft:acacia_leaves":1,"minecraft:crafting_table":1,"minecraft:acacia_log":8,"minecraft:grass_block":15,"minecraft:dead_bush":1,"minecraft:tall_grass":3,"minecraft:cobblestone":2,"minecraft:oak_planks":7,"minecraft:sugar_cane":1,"minecraft:diorite":1,"minecraft:fire":2,"minecraft:grass":11,"minecraft:oak_log":3,"minecraft:dirt":8,"minecraft:stone":44,"minecraft:oak_leaves":3},"minecraft:picked_up":{"minecraft:crafting_table":1,"minecraft:leather_chestplate":2,"minecraft:feather":1,"minecraft:wooden_pickaxe":1,"minecraft:potion":24,"minecraft:oak_log":3,"minecraft:string":2,"minecraft:dirt":23,"minecraft:bone":2,"apocalypsenow:human_flesh":3,"minecraft:wheat_seeds":2,"apocalypsenow:money":1,"minecraft:iron_ingot":6,"minecraft:wooden_shovel":1,"minecraft:sugar_cane":4,"minecraft:oak_planks":7,"minecraft:acacia_sapling":2,"firstaid:plaster":3,"minecraft:stick":2,"minecraft:raw_iron":8,"minecraft:cooked_porkchop":6,"embellishcraft:smooth_marble":2,"minecraft:acacia_log":18,"minecraft:diorite":1,"minecraft:stone_sword":1,"minecraft:rotten_flesh":2,"immersiveengineering:seed":1,"minecraft:stone_axe":1,"minecraft:yellow_terracotta":2,"minecraft:mutton":1,"minecraft:cobblestone":71},"minecraft:dropped":{"minecraft:iron_ingot":1,"minecraft:iron_sword":1,"minecraft:stone_axe":1,"minecraft:wheat_seeds":1,"minecraft:stone_sword":2,"minecraft:glass_bottle":7,"minecraft:cooked_porkchop":4,"minecraft:raw_iron":8,"apocalypsenow:money":1,"minecraft:stick":7,"minecraft:leather_chestplate":1,"minecraft:acacia_sapling":2,"minecraft:potion":15,"minecraft:wooden_sword":1,"minecraft:wooden_pickaxe":2,"ftbquests:book":1,"minecraft:acacia_planks":7},"minecraft:used":{"minecraft:stone_sword":9,"minecraft:acacia_log":4,"minecraft:glass_bottle":2,"minecraft:stone_pickaxe":25,"minecraft:oak_planks":19,"minecraft:wooden_pickaxe":22,"minecraft:wooden_shovel":29,"minecraft:torch":2,"minecraft:dirt":23,"minecraft:yellow_terracotta":1,"minecraft:crafting_table":3,"minecraft:lava_bucket":14,"minecraft:stone_axe":1,"minecraft:potion":10,"minecraft:cobblestone":29,"minecraft:cooked_porkchop":1,"minecraft:bucket":14,"minecraft:acacia_planks":22,"minecraft:golden_axe":1}},"DataVersion":2975}