{"stats":{"minecraft:killed":{"zombiemobs:zombie_chicken":1,"undead_revamp2:theordure":1},"minecraft:custom":{"minecraft:interact_with_furnace":7,"lootr:looted_stat":7,"minecraft:mob_kills":2,"minecraft:interact_with_crafting_table":13,"minecraft:interact_with_campfire":20,"minecraft:damage_dealt_resisted":100,"minecraft:leave_game":4,"minecraft:time_since_death":967,"minecraft:sleep_in_bed":2,"minecraft:climb_one_cm":346,"minecraft:time_since_rest":988,"minecraft:sprint_one_cm":603109,"minecraft:damage_taken":10641,"minecraft:walk_one_cm":679888,"minecraft:drop":41,"minecraft:damage_dealt":2127,"minecraft:swim_one_cm":22712,"minecraft:fly_one_cm":399040,"minecraft:player_kills":4,"minecraft:open_chest":41,"minecraft:crouch_one_cm":87720,"minecraft:play_time":216460,"minecraft:deaths":37,"minecraft:sneak_time":39061,"minecraft:walk_under_water_one_cm":12649,"minecraft:jump":2522,"minecraft:walk_on_water_one_cm":25504,"minecraft:total_world_time":216460,"minecraft:fall_one_cm":70269},"minecraft:killed_by":{"minecraft:husk":1,"minecraft:player":3,"zombiemobs:zombie_squid":1,"minecraft:zombie":7,"zombie_extreme:runner":6,"zombiemobs:zombie_turtle":3,"zombiemobs:zombie_fox":2,"hordes:zombie_player":1,"undead_revamp2:thesmoker":2,"zombiemobs:zombie_dolphin":4,"zombie_extreme:infected_police":1},"minecraft:crafted":{"minecraft:wooden_sword":2,"minecraft:oak_planks":4,"minecraft:cooked_porkchop":6,"minecraft:crafting_table":2,"minecraft:iron_sword":1,"minecraft:bucket":1,"minecraft:air":679,"minecraft:charcoal":3,"minecraft:stick":4,"minecraft:stone_pickaxe":1,"minecraft:stone_sword":2},"minecraft:picked_up":{"minecraft:crafting_table":1,"minecraft:leather_chestplate":2,"minecraft:feather":1,"alexsmobs:acacia_blossom":1,"minecraft:wooden_pickaxe":2,"createaddition:accumulator":1,"minecraft:potion":56,"minecraft:oak_log":3,"quark:stripped_dark_oak_post":2,"minecraft:dirt":34,"minecraft:string":3,"create:cut_calcite_stairs":1,"minecraft:bone":4,"minecraft:acacia_planks":1,"apocalypsenow:human_flesh":3,"minecraft:wheat_seeds":2,"apocalypsenow:money":1,"minecraft:iron_ingot":6,"minecraft:cobblestone_slab":64,"minecraft:wooden_shovel":1,"minecraft:sugar_cane":4,"minecraft:oak_planks":7,"minecraft:acacia_sapling":8,"minecraft:dark_oak_slab":2,"firstaid:plaster":5,"minecraft:stick":3,"minecraft:raw_iron":8,"minecraft:cooked_porkchop":6,"embellishcraft:smooth_marble":2,"minecraft:acacia_log":49,"minecraft:diorite":1,"minecraft:dark_oak_planks":1,"minecraft:stone_sword":1,"minecraft:rotten_flesh":2,"immersiveengineering:seed":1,"minecraft:stone_axe":1,"pfm:oak_brown_simple_bed":2,"minecraft:yellow_terracotta":2,"minecraft:acacia_slab":127,"minecraft:mutton":1,"minecraft:bricks":2,"minecraft:cobblestone":141,"create:cut_calcite":1},"minecraft:mined":{"create:cut_calcite_stairs":1,"minecraft:dark_oak_planks":1,"minecraft:acacia_leaves":4,"minecraft:crafting_table":1,"minecraft:acacia_log":8,"minecraft:grass_block":26,"minecraft:dead_bush":1,"minecraft:tall_grass":3,"minecraft:cobblestone":4,"pfm:oak_brown_simple_bed":2,"minecraft:sugar_cane":1,"minecraft:oak_planks":7,"minecraft:bricks":2,"minecraft:spawner":1,"minecraft:diorite":1,"minecraft:wall_torch":1,"create:cut_calcite":1,"quark:stripped_dark_oak_post":1,"minecraft:seagrass":1,"minecraft:acacia_sapling":2,"minecraft:dark_oak_slab":2,"minecraft:fire":5,"minecraft:grass":14,"createaddition:accumulator":1,"minecraft:oak_log":3,"minecraft:dirt":8,"minecraft:cobweb":1,"minecraft:stone":44,"create:dark_oak_window_pane":4,"minecraft:oak_leaves":3},"minecraft:dropped":{"minecraft:iron_ingot":1,"minecraft:iron_sword":1,"minecraft:stone_axe":1,"minecraft:wheat_seeds":1,"minecraft:stone_sword":2,"minecraft:glass_bottle":7,"minecraft:cooked_porkchop":4,"minecraft:raw_iron":8,"minecraft:cobblestone":33,"apocalypsenow:money":1,"minecraft:stick":7,"minecraft:lava_bucket":1,"minecraft:dirt":4,"minecraft:leather_chestplate":1,"minecraft:cobblestone_slab":316,"minecraft:acacia_slab":254,"minecraft:acacia_sapling":8,"minecraft:potion":15,"minecraft:wooden_sword":1,"minecraft:wooden_pickaxe":2,"ftbquests:book":1,"minecraft:bucket":1,"minecraft:acacia_planks":7},"minecraft:used":{"minecraft:water_bucket":8,"pfm:oak_brown_simple_bed":2,"minecraft:stone_sword":43,"minecraft:acacia_log":4,"minecraft:glass_bottle":9,"minecraft:stone_pickaxe":25,"minecraft:oak_planks":19,"minecraft:wooden_pickaxe":33,"minecraft:wooden_shovel":29,"minecraft:torch":3,"minecraft:dirt":30,"minecraft:yellow_terracotta":1,"minecraft:crafting_table":3,"minecraft:lava_bucket":56,"minecraft:acacia_slab":87,"minecraft:dark_oak_slab":2,"minecraft:stone_axe":20,"minecraft:potion":27,"minecraft:cobblestone":52,"minecraft:cooked_porkchop":1,"minecraft:bucket":65,"minecraft:acacia_planks":34,"minecraft:golden_axe":1}},"DataVersion":2975}