{"stats":{"minecraft:killed":{"zombiemobs:zombie_chicken":1,"undead_revamp2:theordure":1,"minecraft:zombie":2},"minecraft:custom":{"lootr:looted_stat":9,"minecraft:mob_kills":4,"minecraft:interact_with_crafting_table":13,"minecraft:interact_with_campfire":20,"minecraft:damage_dealt_resisted":100,"minecraft:leave_game":4,"minecraft:time_since_death":5318,"minecraft:climb_one_cm":594,"minecraft:sprint_one_cm":671720,"minecraft:walk_one_cm":716965,"minecraft:fridge_opened":1,"minecraft:drop":41,"minecraft:play_time":228460,"minecraft:deaths":39,"minecraft:sneak_time":39426,"minecraft:walk_under_water_one_cm":12768,"minecraft:jump":2590,"minecraft:walk_on_water_one_cm":25748,"minecraft:total_world_time":228460,"minecraft:interact_with_furnace":7,"minecraft:stove_opened":1,"minecraft:sleep_in_bed":2,"minecraft:time_since_rest":5346,"minecraft:damage_taken":11396,"minecraft:damage_dealt":2481,"minecraft:swim_one_cm":22712,"minecraft:fly_one_cm":421619,"minecraft:freezer_opened":4,"minecraft:player_kills":5,"minecraft:open_chest":42,"minecraft:crouch_one_cm":89221,"minecraft:fall_one_cm":77221},"minecraft:killed_by":{"minecraft:husk":2,"minecraft:player":3,"zombie_extreme:runner":6,"zombiemobs:zombie_fox":2,"hordes:zombie_player":1,"zombiemobs:zombie_dolphin":4,"zombie_extreme:infected_police":1,"zombiemobs:zombie_squid":1,"minecraft:zombie":8,"zombiemobs:zombie_turtle":3,"undead_revamp2:thesmoker":2},"minecraft:crafted":{"minecraft:wooden_sword":2,"minecraft:oak_planks":4,"minecraft:stone_pickaxe":1,"minecraft:cooked_porkchop":6,"minecraft:crafting_table":2,"minecraft:iron_sword":1,"minecraft:bucket":1,"minecraft:air":679,"minecraft:charcoal":3,"minecraft:stick":4,"minecraft:stone_sword":2},"minecraft:mined":{"minecraft:dark_oak_planks":1,"farmersdelight:roast_chicken_block":1,"minecraft:acacia_log":8,"minecraft:grass_block":26,"pfm:oak_brown_simple_bed":2,"pfm:white_stove":1,"minecraft:spawner":3,"create:cut_calcite":1,"minecraft:fire":5,"pfm:white_fridge":1,"minecraft:stone":44,"create:dark_oak_window_pane":6,"farmersdelight:cooking_pot":1,"create:cut_calcite_stairs":1,"pfm:white_freezer":1,"minecraft:acacia_leaves":4,"minecraft:crafting_table":1,"minecraft:dead_bush":1,"minecraft:tall_grass":3,"minecraft:cobblestone":4,"minecraft:oak_planks":7,"minecraft:sugar_cane":1,"minecraft:bricks":2,"minecraft:diorite":1,"minecraft:wall_torch":1,"minecraft:seagrass":1,"quark:stripped_dark_oak_post":1,"minecraft:acacia_sapling":2,"minecraft:dark_oak_slab":2,"minecraft:grass":14,"createaddition:accumulator":1,"minecraft:oak_log":3,"minecraft:dirt":8,"minecraft:cobweb":1,"minecraft:oak_leaves":3},"minecraft:picked_up":{"apocalypsenow:apple_juice":2,"minecraft:crafting_table":1,"createaddition:accumulator":1,"minecraft:wooden_pickaxe":2,"minecraft:potion":56,"pfm:white_freezer":1,"minecraft:string":3,"minecraft:cobblestone_slab":64,"minecraft:wooden_shovel":1,"minecraft:sugar_cane":4,"minecraft:stick":3,"minecraft:raw_iron":8,"embellishcraft:smooth_marble":2,"pfm:white_stove":1,"minecraft:acacia_log":49,"minecraft:diorite":1,"minecraft:dark_oak_planks":1,"minecraft:stone_sword":1,"minecraft:rotten_flesh":2,"pfm:oak_brown_simple_bed":2,"minecraft:yellow_terracotta":2,"minecraft:mutton":1,"minecraft:cobblestone":141,"minecraft:leather_chestplate":2,"minecraft:feather":1,"alexsmobs:acacia_blossom":1,"minecraft:oak_log":3,"farmersdelight:roast_chicken_block":1,"quark:stripped_dark_oak_post":2,"minecraft:dirt":34,"create:cut_calcite_stairs":1,"minecraft:bone":4,"minecraft:acacia_planks":1,"farmersdelight:cooking_pot":1,"minecraft:wheat_seeds":2,"apocalypsenow:human_flesh":4,"apocalypsenow:money":1,"minecraft:iron_ingot":6,"minecraft:acacia_sapling":8,"minecraft:oak_planks":7,"apocalypsenow:grape_juice":2,"firstaid:plaster":5,"minecraft:dark_oak_slab":2,"minecraft:cooked_porkchop":6,"apocalypsenow:chips":2,"pfm:white_fridge":1,"immersiveengineering:seed":1,"minecraft:stone_axe":1,"minecraft:acacia_slab":127,"minecraft:bricks":2,"create:cut_calcite":1},"minecraft:dropped":{"minecraft:iron_ingot":1,"minecraft:iron_sword":1,"minecraft:wheat_seeds":1,"minecraft:glass_bottle":7,"minecraft:cooked_porkchop":4,"minecraft:cobblestone":33,"minecraft:stick":7,"minecraft:lava_bucket":1,"minecraft:dirt":4,"minecraft:potion":15,"minecraft:wooden_sword":1,"ftbquests:book":1,"minecraft:bucket":1,"minecraft:acacia_planks":7,"minecraft:stone_axe":1,"minecraft:stone_sword":2,"minecraft:raw_iron":8,"apocalypsenow:money":1,"minecraft:leather_chestplate":1,"minecraft:cobblestone_slab":316,"minecraft:acacia_slab":254,"minecraft:acacia_sapling":8,"minecraft:wooden_pickaxe":2},"minecraft:used":{"pfm:oak_brown_simple_bed":2,"minecraft:stone_sword":53,"minecraft:acacia_log":4,"minecraft:wooden_shovel":29,"minecraft:torch":3,"minecraft:dirt":30,"apocalypsenow:grape_juice":1,"minecraft:lava_bucket":56,"minecraft:acacia_slab":87,"minecraft:dark_oak_slab":2,"pfm:white_freezer":1,"farmersdelight:cooking_pot":1,"minecraft:acacia_planks":34,"minecraft:golden_axe":1,"minecraft:water_bucket":8,"minecraft:glass_bottle":9,"pfm:white_fridge":1,"minecraft:stone_pickaxe":25,"minecraft:oak_planks":19,"createaddition:accumulator":1,"minecraft:wooden_pickaxe":43,"pfm:white_stove":1,"minecraft:yellow_terracotta":1,"minecraft:crafting_table":3,"minecraft:stone_axe":20,"minecraft:cobblestone":52,"minecraft:potion":27,"minecraft:cooked_porkchop":1,"minecraft:bucket":65}},"DataVersion":2975}