{"stats":{"minecraft:killed":{"zombiemobs:zombie_chicken":1},"minecraft:custom":{"minecraft:interact_with_furnace":7,"lootr:looted_stat":3,"minecraft:mob_kills":1,"minecraft:interact_with_crafting_table":10,"minecraft:damage_dealt_resisted":100,"minecraft:leave_game":3,"minecraft:time_since_death":14612,"minecraft:climb_one_cm":114,"minecraft:time_since_rest":14649,"minecraft:sprint_one_cm":374316,"minecraft:damage_taken":8734,"minecraft:walk_one_cm":260849,"minecraft:drop":26,"minecraft:damage_dealt":1138,"minecraft:swim_one_cm":15695,"minecraft:fly_one_cm":336145,"minecraft:open_chest":16,"minecraft:crouch_one_cm":32593,"minecraft:play_time":114136,"minecraft:deaths":29,"minecraft:sneak_time":15152,"minecraft:walk_under_water_one_cm":9541,"minecraft:jump":2084,"minecraft:walk_on_water_one_cm":24562,"minecraft:total_world_time":114136,"minecraft:fall_one_cm":47451},"minecraft:killed_by":{"minecraft:husk":1,"zombiemobs:zombie_squid":1,"minecraft:zombie":4,"zombie_extreme:runner":5,"zombiemobs:zombie_turtle":3,"zombiemobs:zombie_fox":2,"hordes:zombie_player":1,"undead_revamp2:thesmoker":2,"zombiemobs:zombie_dolphin":4,"zombie_extreme:infected_police":1},"minecraft:crafted":{"minecraft:wooden_sword":2,"minecraft:oak_planks":4,"minecraft:cooked_porkchop":6,"minecraft:crafting_table":2,"minecraft:iron_sword":1,"minecraft:bucket":1,"minecraft:air":81,"minecraft:charcoal":3,"minecraft:stick":4,"minecraft:stone_pickaxe":1,"minecraft:stone_sword":2},"minecraft:mined":{"minecraft:acacia_leaves":1,"minecraft:crafting_table":1,"minecraft:acacia_log":8,"minecraft:grass_block":16,"minecraft:dead_bush":1,"minecraft:tall_grass":3,"minecraft:cobblestone":2,"minecraft:sugar_cane":1,"minecraft:oak_planks":7,"minecraft:diorite":1,"minecraft:seagrass":1,"minecraft:fire":2,"minecraft:grass":12,"minecraft:oak_log":3,"minecraft:dirt":8,"minecraft:stone":44,"minecraft:oak_leaves":3},"minecraft:picked_up":{"minecraft:crafting_table":1,"minecraft:leather_chestplate":2,"minecraft:feather":1,"minecraft:wooden_pickaxe":1,"minecraft:potion":24,"minecraft:oak_log":3,"minecraft:dirt":24,"minecraft:string":2,"minecraft:bone":2,"apocalypsenow:human_flesh":3,"minecraft:wheat_seeds":2,"apocalypsenow:money":1,"minecraft:iron_ingot":6,"minecraft:wooden_shovel":1,"minecraft:sugar_cane":4,"minecraft:oak_planks":7,"minecraft:acacia_sapling":2,"firstaid:plaster":3,"minecraft:stick":2,"minecraft:raw_iron":8,"minecraft:cooked_porkchop":6,"embellishcraft:smooth_marble":2,"minecraft:acacia_log":18,"minecraft:diorite":1,"minecraft:stone_sword":1,"minecraft:rotten_flesh":2,"immersiveengineering:seed":1,"minecraft:stone_axe":1,"minecraft:yellow_terracotta":2,"minecraft:mutton":1,"minecraft:cobblestone":71},"minecraft:dropped":{"minecraft:iron_ingot":1,"minecraft:iron_sword":1,"minecraft:stone_axe":1,"minecraft:wheat_seeds":1,"minecraft:stone_sword":2,"minecraft:glass_bottle":7,"minecraft:cooked_porkchop":4,"minecraft:raw_iron":8,"apocalypsenow:money":1,"minecraft:stick":7,"minecraft:leather_chestplate":1,"minecraft:acacia_sapling":2,"minecraft:potion":15,"minecraft:wooden_sword":1,"minecraft:wooden_pickaxe":2,"ftbquests:book":1,"minecraft:acacia_planks":7},"minecraft:used":{"minecraft:water_bucket":5,"minecraft:stone_sword":9,"minecraft:acacia_log":4,"minecraft:glass_bottle":6,"minecraft:stone_pickaxe":25,"minecraft:oak_planks":19,"minecraft:wooden_pickaxe":22,"minecraft:wooden_shovel":29,"minecraft:torch":2,"minecraft:dirt":24,"minecraft:yellow_terracotta":1,"minecraft:crafting_table":3,"minecraft:lava_bucket":23,"minecraft:stone_axe":1,"minecraft:potion":13,"minecraft:cobblestone":29,"minecraft:cooked_porkchop":1,"minecraft:bucket":29,"minecraft:acacia_planks":22,"minecraft:golden_axe":1}},"DataVersion":2975}