{"stats":{"minecraft:custom":{"minecraft:time_since_rest":14343,"minecraft:interact_with_furnace":3,"minecraft:sprint_one_cm":28603,"minecraft:damage_taken":170,"minecraft:walk_one_cm":41507,"minecraft:mob_kills":4,"minecraft:drop":1,"minecraft:damage_dealt":500,"minecraft:interact_with_crafting_table":8,"minecraft:fly_one_cm":25369,"minecraft:open_chest":4,"minecraft:play_time":14343,"minecraft:sneak_time":6,"minecraft:walk_under_water_one_cm":266,"minecraft:jump":183,"minecraft:leave_game":1,"minecraft:time_since_death":14343,"minecraft:walk_on_water_one_cm":882,"minecraft:total_world_time":14343,"minecraft:fall_one_cm":2634},"minecraft:crafted":{"minecraft:chest":1,"minecraft:furnace":1,"minecraft:acacia_planks":16,"minecraft:air":2},"minecraft:used":{"minecraft:stone_sword":10,"minecraft:glass_bottle":5,"minecraft:chest":1,"minecraft:wooden_pickaxe":21,"minecraft:dirt":1,"minecraft:cobblestone":2,"minecraft:potion":5,"minecraft:crafting_table":1,"minecraft:furnace":1},"minecraft:picked_up":{"minecraft:stick":2,"minecraft:crafting_table":1,"alexsmobs:acacia_blossom":1,"minecraft:acacia_log":7,"minecraft:porkchop":6,"minecraft:dirt":2,"minecraft:stone_sword":1,"minecraft:acacia_sapling":1,"minecraft:cobblestone":18},"minecraft:dropped":{"minecraft:stone_sword":1},"minecraft:killed":{"minecraft:pig":4},"minecraft:mined":{"minecraft:acacia_leaves":1,"minecraft:crafting_table":1,"minecraft:grass":1,"minecraft:acacia_log":7,"minecraft:grass_block":1,"minecraft:dirt":1,"minecraft:cobblestone":2,"minecraft:stone":18}},"DataVersion":2975}