{"stats":{"minecraft:crafted":{"minecraft:smooth_stone":2,"minecraft:oak_planks":4,"minecraft:cobblestone_slab":30,"create:andesite_alloy":1,"minecraft:iron_nugget":9,"minecraft:crafting_table":1,"minecraft:wooden_pickaxe":1,"minecraft:furnace":1,"minecraft:copper_ingot":71,"create:schematic_table":1,"minecraft:stone":2,"minecraft:campfire":1,"minecraft:stone_axe":2,"minecraft:air":163,"quark:acacia_chest":2,"minecraft:potion":2,"minecraft:white_wool":1,"minecraft:stick":8,"minecraft:leather_chestplate":1,"minecraft:stone_pickaxe":1,"minecraft:wooden_axe":2,"minecraft:chest":1,"minecraft:white_bed":1,"minecraft:acacia_planks":28,"create:nozzle":1},"minecraft:dropped":{"apocalypsenow:human_flesh":1,"minecraft:cobblestone":4,"patchouli:guide_book":2,"minecraft:wooden_axe":1,"minecraft:potion":3},"minecraft:killed":{"minecraft:husk":1,"minecraft:zombie":2,"zombie_extreme:runner":1},"minecraft:custom":{"minecraft:interact_with_furnace":14,"minecraft:mob_kills":7,"minecraft:interact_with_crafting_table":26,"minecraft:interact_with_campfire":131,"minecraft:stove_opened":1,"minecraft:damage_dealt_resisted":675,"minecraft:leave_game":2,"minecraft:time_since_death":472,"minecraft:sleep_in_bed":6,"minecraft:climb_one_cm":871,"minecraft:time_since_rest":496,"minecraft:sprint_one_cm":267309,"minecraft:damage_taken":9500,"minecraft:walk_one_cm":502866,"minecraft:fridge_opened":2,"minecraft:drop":7,"minecraft:damage_dealt":5484,"minecraft:damage_dealt_absorbed":8,"minecraft:swim_one_cm":33858,"minecraft:freezer_opened":3,"minecraft:fly_one_cm":275317,"minecraft:player_kills":2,"minecraft:open_chest":192,"minecraft:crouch_one_cm":14338,"minecraft:play_time":237005,"minecraft:deaths":31,"minecraft:sneak_time":7069,"minecraft:walk_under_water_one_cm":24055,"minecraft:jump":2000,"minecraft:walk_on_water_one_cm":11787,"minecraft:total_world_time":237005,"minecraft:fall_one_cm":90169},"minecraft:killed_by":{"minecraft:husk":2,"undead_revamp2:bomber":1,"minecraft:zombie":8,"zombie_extreme:runner":3,"zombiemobs:zombie_fox":1,"hordes:zombie_player":1,"undead_revamp2:thesmoker":1,"zombiemobs:zombie_dolphin":4},"minecraft:picked_up":{"minecraft:crafting_table":2,"minecraft:magma_block":5,"minecraft:water_bucket":1,"minecraft:andesite":88,"alexsmobs:acacia_blossom":3,"minecraft:wooden_pickaxe":1,"apocalypsenow:butterfly_knife":1,"minecraft:potion":122,"minecraft:flint":8,"minecraft:oak_log":5,"minecraft:gunpowder":1,"minecraft:amethyst_block":25,"minecraft:lapis_lazuli":44,"minecraft:dirt":52,"minecraft:raw_copper":39,"minecraft:wooden_sword":1,"apocalypsenow:cooked_human_flesh":5,"minecraft:acacia_planks":31,"apocalypsenow:human_flesh":8,"minecraft:wheat_seeds":3,"minecraft:bucket":1,"minecraft:stone_pickaxe":1,"minecraft:iron_ingot":3,"minecraft:calcite":19,"minecraft:cobblestone_slab":22,"minecraft:chest":1,"minecraft:acacia_sapling":28,"minecraft:stick":18,"minecraft:smooth_basalt":11,"minecraft:torch":5,"minecraft:acacia_log":77,"minecraft:gravel":8,"minecraft:lava_bucket":1,"minecraft:amethyst_shard":98,"minecraft:diorite":21,"minecraft:stone_sword":2,"minecraft:rotten_flesh":2,"immersiveengineering:seed":3,"minecraft:granite":18,"minecraft:bone_meal":3,"minecraft:bread":6,"alexsmobs:maggot":2,"minecraft:oak_sapling":3,"minecraft:acacia_slab":105,"minecraft:coal":62,"minecraft:cobblestone":234},"minecraft:mined":{"minecraft:oak_slab":1,"minecraft:acacia_leaves":11,"minecraft:crafting_table":2,"minecraft:torch":5,"minecraft:granite":5,"minecraft:acacia_log":16,"minecraft:grass_block":40,"minecraft:chest":1,"minecraft:tall_grass":1,"minecraft:cobblestone":68,"minecraft:acacia_slab":38,"minecraft:magma_block":6,"minecraft:acacia_sapling":3,"minecraft:grass":12,"minecraft:coal_ore":67,"minecraft:cobblestone_slab":8,"minecraft:gravel":16,"minecraft:dirt":9,"minecraft:acacia_planks":9,"minecraft:stone":144},"minecraft:used":{"minecraft:water_bucket":10,"apocalypsenow:cooked_human_flesh":1,"apocalypsenow:butterfly_knife":54,"minecraft:stone_sword":89,"minecraft:acacia_log":2,"create:schematic_table":1,"minecraft:glass_bottle":43,"minecraft:stone_pickaxe":280,"minecraft:chest":2,"minecraft:wooden_pickaxe":19,"minecraft:cobblestone_slab":64,"minecraft:torch":4,"minecraft:dirt":14,"minecraft:oak_slab":36,"minecraft:crafting_table":2,"minecraft:white_bed":1,"quark:acacia_chest":2,"minecraft:campfire":1,"minecraft:acacia_sapling":8,"minecraft:granite":3,"minecraft:wooden_axe":30,"minecraft:lava_bucket":16,"minecraft:acacia_slab":93,"minecraft:magma_block":4,"minecraft:stone_axe":24,"minecraft:wooden_sword":49,"chalk:red_chalk":16,"minecraft:cobblestone":19,"minecraft:potion":15,"chalk:blue_chalk":19,"minecraft:furnace":1,"minecraft:bucket":25,"minecraft:acacia_planks":66}},"DataVersion":2975}