{"stats":{"minecraft:mined":{"minecraft:granite":5,"minecraft:grass":1,"minecraft:acacia_log":6,"minecraft:grass_block":1,"minecraft:coal_ore":52,"minecraft:gravel":8,"minecraft:tall_grass":1,"minecraft:cobblestone":3,"minecraft:stone":65},"minecraft:dropped":{"apocalypsenow:human_flesh":1},"minecraft:used":{"minecraft:stone_sword":89,"minecraft:acacia_log":2,"minecraft:stone_pickaxe":114,"minecraft:wooden_pickaxe":11,"minecraft:torch":1,"minecraft:wooden_sword":49,"minecraft:dirt":1,"minecraft:cobblestone":3,"minecraft:potion":3,"minecraft:granite":3},"minecraft:custom":{"minecraft:time_since_rest":86,"minecraft:sprint_one_cm":84419,"minecraft:damage_taken":3264,"minecraft:walk_one_cm":81182,"minecraft:mob_kills":5,"minecraft:drop":1,"minecraft:damage_dealt":4493,"minecraft:damage_dealt_absorbed":8,"minecraft:swim_one_cm":11734,"minecraft:fly_one_cm":118767,"minecraft:open_chest":7,"minecraft:crouch_one_cm":218,"minecraft:play_time":56704,"minecraft:deaths":14,"minecraft:sneak_time":141,"minecraft:walk_under_water_one_cm":9556,"minecraft:damage_dealt_resisted":675,"minecraft:jump":705,"minecraft:leave_game":1,"minecraft:walk_on_water_one_cm":4756,"minecraft:time_since_death":29,"minecraft:total_world_time":56704,"minecraft:climb_one_cm":593,"minecraft:fall_one_cm":16149},"minecraft:killed":{"minecraft:husk":1,"zombie_extreme:runner":1},"minecraft:picked_up":{"minecraft:stick":2,"minecraft:wooden_pickaxe":1,"minecraft:acacia_log":5,"minecraft:gravel":4,"minecraft:flint":4,"minecraft:gunpowder":1,"minecraft:dirt":1,"minecraft:wooden_sword":1,"minecraft:stone_sword":1,"apocalypsenow:human_flesh":5,"minecraft:granite":5,"minecraft:coal":52,"minecraft:cobblestone":83},"minecraft:killed_by":{"zombiemobs:zombie_fox":1,"minecraft:husk":2,"hordes:zombie_player":1,"zombiemobs:zombie_dolphin":2,"undead_revamp2:bomber":1,"minecraft:zombie":5,"zombie_extreme:runner":2},"minecraft:crafted":{"minecraft:leather_chestplate":1}},"DataVersion":2975}