{"stats":{"minecraft:killed":{"minecraft:husk":1,"zombie_extreme:runner":1},"minecraft:custom":{"minecraft:time_since_rest":7298,"minecraft:sprint_one_cm":100959,"minecraft:damage_taken":3424,"minecraft:walk_one_cm":95222,"minecraft:mob_kills":5,"minecraft:drop":1,"minecraft:damage_dealt":4493,"minecraft:interact_with_crafting_table":1,"minecraft:damage_dealt_absorbed":8,"minecraft:swim_one_cm":12093,"minecraft:fly_one_cm":138907,"minecraft:open_chest":17,"minecraft:crouch_one_cm":273,"minecraft:play_time":63916,"minecraft:deaths":14,"minecraft:sneak_time":223,"minecraft:walk_under_water_one_cm":9943,"minecraft:jump":856,"minecraft:damage_dealt_resisted":675,"minecraft:leave_game":1,"minecraft:time_since_death":7241,"minecraft:walk_on_water_one_cm":4844,"minecraft:climb_one_cm":593,"minecraft:total_world_time":63916,"minecraft:fall_one_cm":19390},"minecraft:killed_by":{"zombiemobs:zombie_fox":1,"minecraft:husk":2,"hordes:zombie_player":1,"zombiemobs:zombie_dolphin":2,"undead_revamp2:bomber":1,"minecraft:zombie":5,"zombie_extreme:runner":2},"minecraft:crafted":{"minecraft:leather_chestplate":1},"minecraft:mined":{"minecraft:granite":5,"minecraft:grass":1,"minecraft:acacia_log":6,"minecraft:grass_block":14,"minecraft:coal_ore":52,"minecraft:gravel":8,"minecraft:dirt":1,"minecraft:tall_grass":1,"minecraft:cobblestone":3,"minecraft:stone":65},"minecraft:picked_up":{"minecraft:stick":2,"minecraft:wooden_pickaxe":1,"minecraft:acacia_log":5,"minecraft:gravel":4,"minecraft:flint":4,"minecraft:gunpowder":1,"minecraft:dirt":15,"minecraft:wooden_sword":1,"minecraft:stone_sword":1,"minecraft:acacia_planks":6,"apocalypsenow:human_flesh":5,"minecraft:granite":5,"minecraft:bread":6,"minecraft:coal":52,"minecraft:cobblestone":83},"minecraft:dropped":{"apocalypsenow:human_flesh":1},"minecraft:used":{"minecraft:stone_sword":89,"minecraft:acacia_log":2,"minecraft:glass_bottle":1,"minecraft:stone_pickaxe":114,"minecraft:wooden_pickaxe":11,"minecraft:torch":1,"minecraft:wooden_sword":49,"minecraft:dirt":6,"minecraft:cobblestone":3,"minecraft:potion":3,"minecraft:granite":3}},"DataVersion":2975}