{"stats":{"minecraft:killed":{"minecraft:husk":1,"zombie_extreme:runner":1},"minecraft:custom":{"minecraft:time_since_rest":3085,"minecraft:sprint_one_cm":128857,"minecraft:damage_taken":4586,"minecraft:walk_one_cm":141867,"minecraft:mob_kills":5,"minecraft:drop":1,"minecraft:damage_dealt":4493,"minecraft:interact_with_crafting_table":3,"minecraft:damage_dealt_absorbed":8,"minecraft:swim_one_cm":14464,"minecraft:fly_one_cm":177365,"minecraft:open_chest":24,"minecraft:crouch_one_cm":1955,"minecraft:play_time":87916,"minecraft:deaths":18,"minecraft:sneak_time":1141,"minecraft:walk_under_water_one_cm":14579,"minecraft:jump":1209,"minecraft:damage_dealt_resisted":675,"minecraft:leave_game":1,"minecraft:time_since_death":3063,"minecraft:walk_on_water_one_cm":6638,"minecraft:climb_one_cm":593,"minecraft:total_world_time":87916,"minecraft:fall_one_cm":30209},"minecraft:killed_by":{"zombiemobs:zombie_fox":1,"minecraft:husk":2,"hordes:zombie_player":1,"zombiemobs:zombie_dolphin":3,"undead_revamp2:bomber":1,"minecraft:zombie":6,"zombie_extreme:runner":2},"minecraft:crafted":{"minecraft:crafting_table":1,"minecraft:leather_chestplate":1,"minecraft:wooden_axe":1,"minecraft:acacia_planks":12,"minecraft:air":28},"minecraft:mined":{"minecraft:acacia_leaves":11,"minecraft:crafting_table":1,"minecraft:granite":5,"minecraft:grass":2,"minecraft:acacia_log":16,"minecraft:grass_block":14,"minecraft:coal_ore":52,"minecraft:gravel":8,"minecraft:dirt":1,"minecraft:tall_grass":1,"minecraft:cobblestone":3,"minecraft:stone":65},"minecraft:picked_up":{"minecraft:stick":7,"minecraft:crafting_table":1,"alexsmobs:acacia_blossom":2,"minecraft:wooden_pickaxe":1,"minecraft:acacia_log":41,"minecraft:gravel":4,"minecraft:flint":4,"minecraft:oak_log":5,"minecraft:gunpowder":1,"minecraft:dirt":15,"minecraft:wooden_sword":1,"minecraft:stone_sword":1,"minecraft:acacia_planks":6,"apocalypsenow:human_flesh":6,"minecraft:granite":5,"minecraft:bread":6,"alexsmobs:maggot":2,"minecraft:oak_sapling":3,"minecraft:acacia_sapling":7,"minecraft:coal":52,"minecraft:cobblestone":83},"minecraft:dropped":{"apocalypsenow:human_flesh":1},"minecraft:used":{"minecraft:wooden_axe":5,"minecraft:stone_sword":89,"minecraft:acacia_log":2,"minecraft:glass_bottle":1,"minecraft:stone_pickaxe":114,"minecraft:wooden_pickaxe":11,"minecraft:torch":1,"minecraft:wooden_sword":49,"minecraft:dirt":6,"minecraft:cobblestone":3,"minecraft:potion":3,"minecraft:crafting_table":1,"minecraft:acacia_sapling":1,"minecraft:acacia_planks":23,"minecraft:granite":3}},"DataVersion":2975}