{"stats":{"minecraft:killed":{"minecraft:husk":1,"zombie_extreme:runner":1},"minecraft:custom":{"minecraft:mob_kills":5,"minecraft:interact_with_crafting_table":12,"minecraft:interact_with_campfire":52,"minecraft:damage_dealt_resisted":675,"minecraft:leave_game":1,"minecraft:time_since_death":2949,"minecraft:climb_one_cm":593,"minecraft:time_since_rest":2979,"minecraft:sprint_one_cm":208395,"minecraft:damage_taken":6820,"minecraft:walk_one_cm":316148,"minecraft:drop":4,"minecraft:damage_dealt":4493,"minecraft:damage_dealt_absorbed":8,"minecraft:swim_one_cm":24766,"minecraft:fly_one_cm":228376,"minecraft:open_chest":83,"minecraft:crouch_one_cm":13217,"minecraft:play_time":153916,"minecraft:deaths":24,"minecraft:sneak_time":4930,"minecraft:walk_under_water_one_cm":15587,"minecraft:jump":1729,"minecraft:walk_on_water_one_cm":9752,"minecraft:total_world_time":153916,"minecraft:fall_one_cm":58928},"minecraft:killed_by":{"minecraft:husk":2,"undead_revamp2:bomber":1,"minecraft:zombie":7,"zombie_extreme:runner":2,"zombiemobs:zombie_fox":1,"hordes:zombie_player":1,"undead_revamp2:thesmoker":1,"zombiemobs:zombie_dolphin":4},"minecraft:crafted":{"minecraft:oak_planks":4,"minecraft:cobblestone_slab":30,"minecraft:crafting_table":1,"minecraft:wooden_pickaxe":1,"minecraft:stone_axe":1,"minecraft:campfire":1,"minecraft:air":108,"minecraft:stick":4,"minecraft:leather_chestplate":1,"minecraft:wooden_axe":2,"minecraft:chest":1,"minecraft:acacia_planks":24},"minecraft:mined":{"minecraft:oak_slab":1,"minecraft:acacia_leaves":11,"minecraft:crafting_table":2,"minecraft:torch":2,"minecraft:granite":5,"minecraft:acacia_log":16,"minecraft:grass_block":38,"minecraft:chest":1,"minecraft:tall_grass":1,"minecraft:cobblestone":48,"minecraft:acacia_slab":38,"minecraft:acacia_sapling":1,"minecraft:grass":10,"minecraft:coal_ore":52,"minecraft:gravel":8,"minecraft:dirt":1,"minecraft:acacia_planks":9,"minecraft:stone":65},"minecraft:picked_up":{"minecraft:crafting_table":2,"alexsmobs:acacia_blossom":2,"minecraft:wooden_pickaxe":1,"minecraft:potion":42,"minecraft:flint":4,"minecraft:oak_log":5,"minecraft:gunpowder":1,"minecraft:dirt":38,"minecraft:wooden_sword":1,"apocalypsenow:cooked_human_flesh":5,"minecraft:acacia_planks":30,"minecraft:wheat_seeds":3,"apocalypsenow:human_flesh":7,"minecraft:bucket":1,"minecraft:stone_pickaxe":1,"minecraft:cobblestone_slab":15,"minecraft:chest":1,"minecraft:acacia_sapling":10,"minecraft:stick":16,"minecraft:torch":2,"minecraft:acacia_log":53,"minecraft:gravel":4,"minecraft:lava_bucket":1,"minecraft:stone_sword":2,"immersiveengineering:seed":3,"minecraft:granite":5,"minecraft:bone_meal":3,"minecraft:bread":6,"alexsmobs:maggot":2,"minecraft:oak_sapling":3,"minecraft:acacia_slab":105,"minecraft:coal":52,"minecraft:cobblestone":129},"minecraft:dropped":{"apocalypsenow:human_flesh":1,"minecraft:cobblestone":4,"minecraft:wooden_axe":1},"minecraft:used":{"minecraft:water_bucket":6,"minecraft:stone_sword":89,"minecraft:acacia_log":2,"minecraft:glass_bottle":17,"minecraft:stone_pickaxe":151,"minecraft:chest":2,"minecraft:wooden_pickaxe":19,"minecraft:cobblestone_slab":45,"minecraft:torch":2,"minecraft:dirt":14,"minecraft:oak_slab":36,"minecraft:crafting_table":2,"minecraft:campfire":1,"minecraft:acacia_sapling":4,"minecraft:granite":3,"minecraft:wooden_axe":30,"minecraft:lava_bucket":16,"minecraft:acacia_slab":93,"minecraft:stone_axe":20,"minecraft:wooden_sword":49,"minecraft:cobblestone":3,"minecraft:potion":7,"minecraft:bucket":21,"minecraft:acacia_planks":66}},"DataVersion":2975}