{"stats":{"minecraft:killed":{"minecraft:husk":1,"zombie_extreme:runner":1},"minecraft:custom":{"minecraft:interact_with_furnace":4,"minecraft:mob_kills":5,"minecraft:interact_with_crafting_table":21,"minecraft:interact_with_campfire":108,"minecraft:damage_dealt_resisted":675,"minecraft:leave_game":1,"minecraft:time_since_death":38949,"minecraft:sleep_in_bed":2,"minecraft:climb_one_cm":593,"minecraft:time_since_rest":9294,"minecraft:sprint_one_cm":231691,"minecraft:damage_taken":6820,"minecraft:walk_one_cm":420278,"minecraft:drop":4,"minecraft:damage_dealt":4517,"minecraft:damage_dealt_absorbed":8,"minecraft:swim_one_cm":24766,"minecraft:fly_one_cm":241778,"minecraft:player_kills":1,"minecraft:open_chest":141,"minecraft:crouch_one_cm":13830,"minecraft:play_time":189916,"minecraft:deaths":24,"minecraft:sneak_time":5279,"minecraft:walk_under_water_one_cm":15843,"minecraft:jump":1816,"minecraft:walk_on_water_one_cm":9938,"minecraft:total_world_time":189916,"minecraft:fall_one_cm":59137},"minecraft:killed_by":{"minecraft:husk":2,"undead_revamp2:bomber":1,"minecraft:zombie":7,"zombie_extreme:runner":2,"zombiemobs:zombie_fox":1,"hordes:zombie_player":1,"undead_revamp2:thesmoker":1,"zombiemobs:zombie_dolphin":4},"minecraft:crafted":{"minecraft:oak_planks":4,"minecraft:cobblestone_slab":30,"minecraft:crafting_table":1,"minecraft:wooden_pickaxe":1,"minecraft:furnace":1,"minecraft:copper_ingot":4,"minecraft:stone_axe":2,"minecraft:campfire":1,"minecraft:air":128,"minecraft:white_wool":1,"minecraft:stick":8,"minecraft:leather_chestplate":1,"minecraft:stone_pickaxe":1,"minecraft:wooden_axe":2,"minecraft:chest":1,"minecraft:white_bed":1,"minecraft:acacia_planks":28},"minecraft:mined":{"minecraft:oak_slab":1,"minecraft:acacia_leaves":11,"minecraft:crafting_table":2,"minecraft:torch":2,"minecraft:granite":5,"minecraft:acacia_log":16,"minecraft:grass_block":38,"minecraft:chest":1,"minecraft:tall_grass":1,"minecraft:cobblestone":68,"minecraft:acacia_slab":38,"minecraft:acacia_sapling":3,"minecraft:grass":10,"minecraft:coal_ore":52,"minecraft:cobblestone_slab":8,"minecraft:gravel":8,"minecraft:dirt":1,"minecraft:acacia_planks":9,"minecraft:stone":65},"minecraft:picked_up":{"minecraft:crafting_table":2,"minecraft:water_bucket":1,"alexsmobs:acacia_blossom":3,"minecraft:wooden_pickaxe":1,"apocalypsenow:butterfly_knife":1,"minecraft:potion":99,"minecraft:flint":4,"minecraft:oak_log":5,"minecraft:gunpowder":1,"minecraft:dirt":42,"minecraft:wooden_sword":1,"apocalypsenow:cooked_human_flesh":5,"minecraft:acacia_planks":31,"minecraft:wheat_seeds":3,"apocalypsenow:human_flesh":8,"minecraft:bucket":1,"minecraft:stone_pickaxe":1,"minecraft:cobblestone_slab":22,"minecraft:chest":1,"minecraft:acacia_sapling":26,"minecraft:stick":16,"minecraft:torch":2,"minecraft:acacia_log":70,"minecraft:gravel":4,"minecraft:lava_bucket":1,"minecraft:stone_sword":2,"immersiveengineering:seed":3,"minecraft:granite":5,"minecraft:bone_meal":3,"minecraft:bread":6,"alexsmobs:maggot":2,"minecraft:oak_sapling":3,"minecraft:acacia_slab":105,"minecraft:coal":52,"minecraft:cobblestone":155},"minecraft:dropped":{"apocalypsenow:human_flesh":1,"minecraft:cobblestone":4,"minecraft:wooden_axe":1},"minecraft:used":{"minecraft:water_bucket":10,"apocalypsenow:cooked_human_flesh":1,"apocalypsenow:butterfly_knife":4,"minecraft:stone_sword":89,"minecraft:acacia_log":2,"minecraft:glass_bottle":33,"minecraft:stone_pickaxe":180,"minecraft:chest":2,"minecraft:wooden_pickaxe":19,"minecraft:cobblestone_slab":64,"minecraft:torch":2,"minecraft:dirt":14,"minecraft:oak_slab":36,"minecraft:crafting_table":2,"minecraft:white_bed":1,"minecraft:campfire":1,"minecraft:acacia_sapling":6,"minecraft:granite":3,"minecraft:wooden_axe":30,"minecraft:lava_bucket":16,"minecraft:acacia_slab":93,"minecraft:stone_axe":23,"chalk:red_chalk":16,"minecraft:wooden_sword":49,"minecraft:cobblestone":17,"minecraft:potion":9,"chalk:blue_chalk":19,"minecraft:furnace":1,"minecraft:bucket":25,"minecraft:acacia_planks":66}},"DataVersion":2975}