{"stats":{"minecraft:killed":{"minecraft:husk":1,"minecraft:zombie":2,"zombie_extreme:runner":1},"minecraft:custom":{"minecraft:interact_with_furnace":4,"minecraft:mob_kills":7,"minecraft:interact_with_crafting_table":21,"minecraft:interact_with_campfire":108,"minecraft:damage_dealt_resisted":675,"minecraft:leave_game":1,"minecraft:time_since_death":176,"minecraft:sleep_in_bed":2,"minecraft:climb_one_cm":593,"minecraft:time_since_rest":225,"minecraft:sprint_one_cm":238871,"minecraft:damage_taken":7342,"minecraft:walk_one_cm":443560,"minecraft:drop":4,"minecraft:damage_dealt":5484,"minecraft:damage_dealt_absorbed":8,"minecraft:swim_one_cm":33858,"minecraft:fly_one_cm":249079,"minecraft:player_kills":1,"minecraft:open_chest":142,"minecraft:crouch_one_cm":13830,"minecraft:play_time":201916,"minecraft:deaths":26,"minecraft:sneak_time":6904,"minecraft:walk_under_water_one_cm":24055,"minecraft:jump":1866,"minecraft:walk_on_water_one_cm":10363,"minecraft:total_world_time":201916,"minecraft:fall_one_cm":61018},"minecraft:killed_by":{"minecraft:husk":2,"undead_revamp2:bomber":1,"minecraft:zombie":8,"zombie_extreme:runner":3,"zombiemobs:zombie_fox":1,"hordes:zombie_player":1,"undead_revamp2:thesmoker":1,"zombiemobs:zombie_dolphin":4},"minecraft:crafted":{"minecraft:oak_planks":4,"minecraft:cobblestone_slab":30,"minecraft:crafting_table":1,"minecraft:wooden_pickaxe":1,"minecraft:furnace":1,"minecraft:copper_ingot":4,"minecraft:stone_axe":2,"minecraft:campfire":1,"minecraft:air":128,"minecraft:white_wool":1,"minecraft:stick":8,"minecraft:leather_chestplate":1,"minecraft:stone_pickaxe":1,"minecraft:wooden_axe":2,"minecraft:chest":1,"minecraft:white_bed":1,"minecraft:acacia_planks":28},"minecraft:mined":{"minecraft:oak_slab":1,"minecraft:acacia_leaves":11,"minecraft:crafting_table":2,"minecraft:torch":3,"minecraft:granite":5,"minecraft:acacia_log":16,"minecraft:grass_block":40,"minecraft:chest":1,"minecraft:tall_grass":1,"minecraft:cobblestone":68,"minecraft:acacia_slab":38,"minecraft:magma_block":5,"minecraft:acacia_sapling":3,"minecraft:grass":12,"minecraft:coal_ore":67,"minecraft:cobblestone_slab":8,"minecraft:gravel":16,"minecraft:dirt":9,"minecraft:acacia_planks":9,"minecraft:stone":144},"minecraft:picked_up":{"minecraft:magma_block":4,"minecraft:crafting_table":2,"minecraft:water_bucket":1,"alexsmobs:acacia_blossom":3,"minecraft:wooden_pickaxe":1,"apocalypsenow:butterfly_knife":1,"minecraft:potion":99,"minecraft:flint":8,"minecraft:oak_log":5,"minecraft:gunpowder":1,"minecraft:dirt":52,"minecraft:wooden_sword":1,"apocalypsenow:cooked_human_flesh":5,"minecraft:acacia_planks":31,"minecraft:wheat_seeds":3,"apocalypsenow:human_flesh":8,"minecraft:bucket":1,"minecraft:stone_pickaxe":1,"minecraft:cobblestone_slab":22,"minecraft:chest":1,"minecraft:acacia_sapling":28,"minecraft:stick":18,"minecraft:torch":3,"minecraft:acacia_log":77,"minecraft:gravel":8,"minecraft:lava_bucket":1,"minecraft:rotten_flesh":2,"minecraft:stone_sword":2,"immersiveengineering:seed":3,"minecraft:granite":5,"minecraft:bone_meal":3,"minecraft:bread":6,"alexsmobs:maggot":2,"minecraft:oak_sapling":3,"minecraft:acacia_slab":105,"minecraft:coal":62,"minecraft:cobblestone":234},"minecraft:dropped":{"apocalypsenow:human_flesh":1,"minecraft:cobblestone":4,"minecraft:wooden_axe":1},"minecraft:used":{"minecraft:water_bucket":10,"apocalypsenow:cooked_human_flesh":1,"apocalypsenow:butterfly_knife":54,"minecraft:stone_sword":89,"minecraft:acacia_log":2,"minecraft:glass_bottle":33,"minecraft:stone_pickaxe":279,"minecraft:chest":2,"minecraft:wooden_pickaxe":19,"minecraft:cobblestone_slab":64,"minecraft:torch":2,"minecraft:dirt":14,"minecraft:oak_slab":36,"minecraft:crafting_table":2,"minecraft:white_bed":1,"minecraft:campfire":1,"minecraft:acacia_sapling":8,"minecraft:granite":3,"minecraft:wooden_axe":30,"minecraft:lava_bucket":16,"minecraft:acacia_slab":93,"minecraft:magma_block":3,"minecraft:stone_axe":24,"chalk:red_chalk":16,"minecraft:wooden_sword":49,"minecraft:cobblestone":19,"minecraft:potion":11,"chalk:blue_chalk":19,"minecraft:furnace":1,"minecraft:bucket":25,"minecraft:acacia_planks":66}},"DataVersion":2975}