{"stats":{"minecraft:killed":{"minecraft:husk":1,"zombie_extreme:runner":1},"minecraft:custom":{"minecraft:mob_kills":5,"minecraft:interact_with_crafting_table":7,"minecraft:interact_with_campfire":44,"minecraft:damage_dealt_resisted":675,"minecraft:leave_game":1,"minecraft:time_since_death":2400,"minecraft:climb_one_cm":593,"minecraft:time_since_rest":2436,"minecraft:sprint_one_cm":157017,"minecraft:damage_taken":4926,"minecraft:walk_one_cm":199309,"minecraft:drop":1,"minecraft:damage_dealt":4493,"minecraft:damage_dealt_absorbed":8,"minecraft:swim_one_cm":16790,"minecraft:fly_one_cm":187993,"minecraft:open_chest":52,"minecraft:crouch_one_cm":9614,"minecraft:play_time":123916,"minecraft:deaths":19,"minecraft:sneak_time":4007,"minecraft:walk_under_water_one_cm":14733,"minecraft:jump":1358,"minecraft:walk_on_water_one_cm":6730,"minecraft:total_world_time":123916,"minecraft:fall_one_cm":38382},"minecraft:killed_by":{"minecraft:husk":2,"undead_revamp2:bomber":1,"minecraft:zombie":6,"zombie_extreme:runner":2,"zombiemobs:zombie_fox":1,"hordes:zombie_player":1,"zombiemobs:zombie_dolphin":3},"minecraft:crafted":{"minecraft:oak_planks":4,"minecraft:crafting_table":1,"minecraft:campfire":1,"minecraft:air":88,"minecraft:leather_chestplate":1,"minecraft:wooden_axe":1,"minecraft:chest":1,"minecraft:acacia_planks":24},"minecraft:mined":{"minecraft:oak_slab":1,"minecraft:acacia_leaves":11,"minecraft:crafting_table":2,"minecraft:torch":1,"minecraft:granite":5,"minecraft:acacia_log":16,"minecraft:grass_block":19,"minecraft:chest":1,"minecraft:tall_grass":1,"minecraft:cobblestone":3,"minecraft:acacia_slab":3,"minecraft:grass":4,"minecraft:coal_ore":52,"minecraft:gravel":8,"minecraft:dirt":1,"minecraft:acacia_planks":1,"minecraft:stone":65},"minecraft:picked_up":{"minecraft:crafting_table":2,"alexsmobs:acacia_blossom":2,"minecraft:wooden_pickaxe":1,"minecraft:potion":38,"minecraft:flint":4,"minecraft:oak_log":5,"minecraft:gunpowder":1,"minecraft:dirt":20,"minecraft:wooden_sword":1,"apocalypsenow:cooked_human_flesh":5,"minecraft:acacia_planks":20,"apocalypsenow:human_flesh":7,"minecraft:chest":1,"minecraft:acacia_sapling":7,"minecraft:stick":14,"minecraft:torch":1,"minecraft:acacia_log":46,"minecraft:gravel":4,"minecraft:stone_sword":2,"minecraft:granite":5,"minecraft:bread":6,"alexsmobs:maggot":2,"minecraft:oak_sapling":3,"minecraft:acacia_slab":74,"minecraft:coal":52,"minecraft:cobblestone":83},"minecraft:dropped":{"apocalypsenow:human_flesh":1},"minecraft:used":{"minecraft:stone_sword":89,"minecraft:acacia_log":2,"minecraft:glass_bottle":13,"minecraft:stone_pickaxe":114,"minecraft:chest":2,"minecraft:wooden_pickaxe":11,"minecraft:torch":1,"minecraft:dirt":11,"minecraft:oak_slab":36,"minecraft:crafting_table":2,"minecraft:campfire":1,"minecraft:acacia_sapling":3,"minecraft:granite":3,"minecraft:wooden_axe":6,"minecraft:acacia_slab":60,"minecraft:wooden_sword":49,"minecraft:cobblestone":3,"minecraft:potion":3,"minecraft:acacia_planks":57}},"DataVersion":2975}