{"stats":{"minecraft:killed":{"minecraft:husk":1,"zombie_extreme:runner":1},"minecraft:custom":{"minecraft:time_since_rest":4850,"minecraft:sprint_one_cm":111225,"minecraft:damage_taken":3934,"minecraft:walk_one_cm":117586,"minecraft:mob_kills":5,"minecraft:drop":1,"minecraft:damage_dealt":4493,"minecraft:interact_with_crafting_table":2,"minecraft:damage_dealt_absorbed":8,"minecraft:swim_one_cm":12093,"minecraft:fly_one_cm":152473,"minecraft:open_chest":20,"minecraft:crouch_one_cm":1707,"minecraft:play_time":75916,"minecraft:deaths":15,"minecraft:sneak_time":1008,"minecraft:walk_under_water_one_cm":10971,"minecraft:jump":991,"minecraft:damage_dealt_resisted":675,"minecraft:leave_game":1,"minecraft:time_since_death":4824,"minecraft:walk_on_water_one_cm":5226,"minecraft:climb_one_cm":593,"minecraft:total_world_time":75916,"minecraft:fall_one_cm":23210},"minecraft:killed_by":{"zombiemobs:zombie_fox":1,"minecraft:husk":2,"hordes:zombie_player":1,"zombiemobs:zombie_dolphin":2,"undead_revamp2:bomber":1,"minecraft:zombie":6,"zombie_extreme:runner":2},"minecraft:crafted":{"minecraft:leather_chestplate":1,"minecraft:acacia_planks":8,"minecraft:air":8},"minecraft:mined":{"minecraft:acacia_leaves":8,"minecraft:granite":5,"minecraft:grass":2,"minecraft:acacia_log":10,"minecraft:grass_block":14,"minecraft:coal_ore":52,"minecraft:gravel":8,"minecraft:dirt":1,"minecraft:tall_grass":1,"minecraft:cobblestone":3,"minecraft:stone":65},"minecraft:picked_up":{"minecraft:stick":2,"minecraft:wooden_pickaxe":1,"minecraft:acacia_log":9,"minecraft:gravel":4,"minecraft:flint":4,"minecraft:gunpowder":1,"minecraft:dirt":15,"minecraft:wooden_sword":1,"minecraft:stone_sword":1,"minecraft:acacia_planks":6,"apocalypsenow:human_flesh":6,"minecraft:granite":5,"minecraft:bread":6,"alexsmobs:maggot":2,"minecraft:coal":52,"minecraft:cobblestone":83},"minecraft:dropped":{"apocalypsenow:human_flesh":1},"minecraft:used":{"minecraft:stone_sword":89,"minecraft:acacia_log":2,"minecraft:glass_bottle":1,"minecraft:stone_pickaxe":114,"minecraft:wooden_pickaxe":11,"minecraft:torch":1,"minecraft:wooden_sword":49,"minecraft:dirt":6,"minecraft:cobblestone":3,"minecraft:potion":3,"minecraft:acacia_planks":16,"minecraft:granite":3}},"DataVersion":2975}