{"stats":{"minecraft:killed":{"minecraft:husk":1,"zombie_extreme:runner":1},"minecraft:custom":{"minecraft:mob_kills":5,"minecraft:interact_with_crafting_table":9,"minecraft:interact_with_campfire":44,"minecraft:damage_dealt_resisted":675,"minecraft:leave_game":1,"minecraft:time_since_death":14400,"minecraft:climb_one_cm":593,"minecraft:time_since_rest":14436,"minecraft:sprint_one_cm":165790,"minecraft:damage_taken":5076,"minecraft:walk_one_cm":265320,"minecraft:drop":1,"minecraft:damage_dealt":4493,"minecraft:damage_dealt_absorbed":8,"minecraft:swim_one_cm":16790,"minecraft:fly_one_cm":197466,"minecraft:open_chest":64,"minecraft:crouch_one_cm":10881,"minecraft:play_time":135916,"minecraft:deaths":19,"minecraft:sneak_time":4378,"minecraft:walk_under_water_one_cm":14733,"minecraft:jump":1495,"minecraft:walk_on_water_one_cm":7123,"minecraft:total_world_time":135916,"minecraft:fall_one_cm":42612},"minecraft:killed_by":{"minecraft:husk":2,"undead_revamp2:bomber":1,"minecraft:zombie":6,"zombie_extreme:runner":2,"zombiemobs:zombie_fox":1,"hordes:zombie_player":1,"zombiemobs:zombie_dolphin":3},"minecraft:crafted":{"minecraft:oak_planks":4,"minecraft:crafting_table":1,"minecraft:wooden_pickaxe":1,"minecraft:campfire":1,"minecraft:air":108,"minecraft:leather_chestplate":1,"minecraft:wooden_axe":2,"minecraft:chest":1,"minecraft:acacia_planks":24},"minecraft:mined":{"minecraft:oak_slab":1,"minecraft:acacia_leaves":11,"minecraft:crafting_table":2,"minecraft:torch":2,"minecraft:granite":5,"minecraft:acacia_log":16,"minecraft:grass_block":22,"minecraft:chest":1,"minecraft:tall_grass":1,"minecraft:cobblestone":3,"minecraft:acacia_slab":18,"minecraft:grass":9,"minecraft:coal_ore":52,"minecraft:gravel":8,"minecraft:dirt":1,"minecraft:acacia_planks":9,"minecraft:stone":65},"minecraft:picked_up":{"minecraft:crafting_table":2,"alexsmobs:acacia_blossom":2,"minecraft:wooden_pickaxe":1,"minecraft:potion":38,"minecraft:flint":4,"minecraft:oak_log":5,"minecraft:gunpowder":1,"minecraft:dirt":23,"minecraft:wooden_sword":1,"apocalypsenow:cooked_human_flesh":5,"minecraft:acacia_planks":28,"minecraft:wheat_seeds":1,"apocalypsenow:human_flesh":7,"minecraft:chest":1,"minecraft:acacia_sapling":9,"minecraft:stick":16,"minecraft:torch":2,"minecraft:acacia_log":53,"minecraft:gravel":4,"minecraft:lava_bucket":1,"minecraft:stone_sword":2,"immersiveengineering:seed":2,"minecraft:granite":5,"minecraft:bread":6,"alexsmobs:maggot":2,"minecraft:oak_sapling":3,"minecraft:acacia_slab":91,"minecraft:coal":52,"minecraft:cobblestone":83},"minecraft:dropped":{"apocalypsenow:human_flesh":1},"minecraft:used":{"minecraft:water_bucket":1,"minecraft:stone_sword":89,"minecraft:acacia_log":2,"minecraft:glass_bottle":13,"minecraft:stone_pickaxe":114,"minecraft:chest":2,"minecraft:wooden_pickaxe":11,"minecraft:torch":2,"minecraft:dirt":14,"minecraft:oak_slab":36,"minecraft:crafting_table":2,"minecraft:campfire":1,"minecraft:acacia_sapling":3,"minecraft:granite":3,"minecraft:wooden_axe":30,"minecraft:lava_bucket":1,"minecraft:acacia_slab":93,"minecraft:wooden_sword":49,"minecraft:cobblestone":3,"minecraft:potion":3,"minecraft:bucket":2,"minecraft:acacia_planks":61}},"DataVersion":2975}